machine_id,production_day,shift,units_produced,defective_units,machine_temperature,vibration_level,power_consumption,downtime_minutes,defect_rate
2052,15,3,311,14,110.9,4.83,27.33,110,0.045
2093,24,1,389,46,83.8,3.23,66.51,32,0.118
2015,17,3,357,3,74.7,4.93,63.41,6,0.008
2072,4,2,294,39,108.7,4.28,37.03,116,0.133
2061,29,2,52,15,80.6,0.66,76.81,115,0.288
2021,22,3,386,27,66.7,3.46,73.75,51,0.07
2083,25,1,112,15,94.2,1.79,77.36,119,0.134
2087,13,2,98,3,94.9,3.02,39.95,10,0.031
2075,18,1,125,44,102.9,1.76,23.82,26,0.352
2075,1,2,417,25,74.4,2.07,53.87,13,0.06
2088,16,3,224,27,86.6,4.65,57.93,85,0.121
2024,13,3,158,31,76.9,1.43,18.78,79,0.196
2003,10,3,232,44,64.9,4.43,65.05,45,0.19
2022,12,2,241,1,112.6,0.64,11.26,75,0.004
2053,30,1,114,30,103.7,0.91,43.79,112,0.263
2002,2,1,386,2,78.1,4.35,33.17,109,0.005
2088,23,1,320,7,96.0,3.34,61.82,9,0.022
2030,3,2,149,23,72.1,3.86,31.89,23,0.154
2038,10,2,81,14,113.4,1.44,67.88,60,0.173
2002,2,2,401,42,66.9,2.92,51.65,109,0.105
2064,30,2,177,30,60.2,3.82,65.57,17,0.169
2060,27,2,451,8,90.1,3.32,79.25,85,0.018
2021,23,1,418,38,95.0,2.62,57.54,8,0.091
2033,13,2,388,44,94.7,4.82,78.95,16,0.113
2076,13,2,92,1,63.3,3.54,12.02,101,0.011
2058,18,1,421,7,78.8,4.58,33.67,103,0.017
2022,3,2,468,6,90.0,3.78,17.55,57,0.013
2089,27,1,127,43,73.0,3.81,28.36,12,0.339
2049,7,1,363,38,112.4,0.86,68.72,49,0.105
2091,14,3,338,41,65.2,2.12,12.26,100,0.121
2059,20,3,319,15,89.2,4.36,46.41,5,0.047
2042,29,3,211,34,101.5,1.55,49.7,84,0.161
2092,30,3,238,29,75.7,1.02,49.28,50,0.122
2060,17,2,296,9,97.5,1.97,43.27,35,0.03
2080,29,3,437,37,109.8,1.49,65.34,70,0.085
2015,30,1,265,17,71.4,4.66,19.35,99,0.064
2062,21,2,364,49,115.0,4.41,31.74,24,0.135
2062,12,3,462,4,93.2,2.75,53.1,10,0.009
2047,25,1,388,28,78.0,0.78,58.37,43,0.072
2062,16,2,439,38,85.9,3.72,38.29,13,0.087
2051,24,2,426,33,78.7,3.31,71.28,108,0.077
2055,12,3,482,42,103.5,4.87,39.08,28,0.087
2064,15,2,217,44,107.8,3.02,38.19,73,0.203
2003,25,1,388,22,110.0,2.01,12.53,49,0.057
2051,10,2,242,4,119.1,2.84,48.58,111,0.017
2007,30,1,332,29,107.5,4.91,59.61,4,0.087
2021,25,2,385,5,96.1,3.63,18.01,71,0.013
2073,7,3,439,45,80.4,3.52,31.38,109,0.103
2039,20,1,62,43,92.7,1.58,64.69,68,0.694
2018,5,2,289,3,62.5,3.85,35.61,87,0.01
2004,1,2,369,28,104.7,3.88,26.91,103,0.076
2089,30,2,495,22,86.8,1.93,57.05,56,0.044
2060,17,1,196,5,61.2,2.68,23.77,25,0.026
2014,3,1,253,31,63.8,1.83,72.7,5,0.123
2009,13,1,129,41,83.2,1.66,17.39,15,0.318
2090,14,3,428,17,95.0,0.62,59.46,59,0.04
2053,24,3,92,14,87.9,1.78,44.97,99,0.152
2002,30,1,138,39,97.2,2.99,70.9,11,0.283
2084,18,2,197,31,88.8,0.51,18.83,74,0.157
2092,4,3,144,8,99.7,1.77,57.45,2,0.056
2060,18,1,477,36,73.1,4.47,50.04,62,0.075
2071,30,2,200,9,66.8,3.17,43.61,107,0.045
2044,5,3,51,19,95.8,3.24,44.4,63,0.373
2008,25,2,425,5,89.1,2.32,60.54,61,0.012
2047,16,2,71,47,61.6,3.54,75.64,100,0.662
2035,1,2,420,2,82.8,1.35,16.39,5,0.005
2078,21,2,362,41,66.4,4.18,11.37,18,0.113
2081,14,3,377,10,91.9,1.03,66.4,17,0.027
2036,15,3,56,42,83.7,3.45,17.57,79,0.75
2050,9,3,255,16,96.8,2.04,79.07,86,0.063
2004,15,1,489,31,108.3,3.86,53.35,42,0.063
2002,17,3,424,3,78.0,2.97,55.56,100,0.007
2006,25,2,163,3,117.7,2.54,23.92,72,0.018
2054,24,3,321,16,92.1,1.26,26.82,2,0.05
2004,4,2,132,40,97.1,3.37,56.15,71,0.303
2054,12,1,228,18,100.8,4.89,73.68,37,0.079
2093,27,2,259,4,100.0,4.22,78.77,67,0.015
2063,26,2,377,31,90.7,0.77,23.86,75,0.082
2018,5,2,173,21,85.7,2.19,19.39,43,0.121
2090,29,1,162,5,63.2,4.67,13.95,94,0.031
2044,5,3,61,34,61.3,2.76,70.78,88,0.557
2034,11,3,175,21,81.5,3.48,30.63,116,0.12
2074,28,1,102,0,80.0,4.61,10.13,79,0.0
2062,6,2,380,19,83.3,4.43,25.67,62,0.05
2014,7,3,438,21,68.3,2.76,33.83,41,0.048
2095,24,1,332,47,104.3,2.47,79.37,63,0.142
2048,14,3,189,10,111.4,2.03,46.65,53,0.053
2015,24,1,450,12,116.3,3.74,24.33,77,0.027
2072,11,2,439,41,89.5,1.79,33.44,76,0.093
2078,30,3,146,2,102.1,1.62,33.12,104,0.014
2087,13,1,54,8,111.3,2.1,11.38,70,0.148
2062,2,3,106,11,85.1,1.3,19.46,75,0.104
2040,25,3,461,22,78.6,3.63,58.66,36,0.048
2085,7,3,383,13,116.2,3.27,18.42,113,0.034
2080,20,3,118,32,90.9,2.67,26.15,3,0.271
2082,4,1,167,17,89.8,2.26,34.55,1,0.102
2053,27,2,425,48,70.7,4.59,63.04,98,0.113
2024,8,1,108,40,66.5,0.63,50.77,43,0.37
2026,20,1,82,8,110.5,3.96,58.23,66,0.098
2089,29,1,367,22,96.8,4.56,49.69,67,0.06
2060,22,2,99,9,79.5,2.51,57.85,101,0.091
2041,21,3,417,18,71.5,2.98,10.2,75,0.043
2029,19,3,68,46,93.3,4.75,75.16,82,0.676
2015,13,3,263,4,95.0,1.46,17.76,73,0.015
2045,14,2,246,46,72.4,2.84,38.44,61,0.187
2065,10,3,428,22,111.1,2.64,63.97,0,0.051
2089,11,2,499,29,65.1,1.66,40.47,16,0.058
2071,2,3,96,24,81.4,4.18,76.28,15,0.25
2009,25,3,216,27,100.8,4.55,42.73,8,0.125
2088,26,1,338,33,76.4,4.02,71.25,52,0.098
2001,9,2,190,44,109.7,1.38,66.76,72,0.232
2008,17,1,133,47,104.4,0.89,78.67,58,0.353
2088,26,1,231,46,107.3,3.22,74.86,118,0.199
2063,3,1,440,24,67.1,0.76,72.87,8,0.055
2011,24,2,128,9,68.4,3.53,61.21,11,0.07
2081,6,2,264,13,77.2,2.89,35.69,118,0.049
2008,5,3,63,41,91.1,3.48,17.43,40,0.651
2035,5,1,264,45,104.9,3.16,58.21,14,0.17
2035,22,3,452,29,110.2,2.4,78.51,65,0.064
2033,15,1,177,40,102.3,1.4,60.86,74,0.226
2005,23,2,359,24,115.7,1.88,75.01,10,0.067
2041,17,2,297,13,104.3,2.86,66.3,7,0.044
2028,9,2,453,34,78.4,3.43,21.42,54,0.075
2007,3,1,78,47,75.9,4.01,27.44,95,0.603
2073,20,2,329,33,101.8,3.95,33.93,5,0.1
2072,26,1,387,9,71.6,4.88,21.78,52,0.023
2012,17,3,368,34,65.6,1.79,50.72,19,0.092
2034,29,1,251,10,91.9,0.82,78.28,38,0.04
2033,27,3,410,10,109.3,2.06,63.3,98,0.024
2048,10,1,106,20,66.1,3.84,39.64,71,0.189
2023,3,3,441,20,107.5,2.47,10.32,113,0.045
2062,18,2,267,21,108.7,4.18,31.93,112,0.079
2088,18,3,111,44,88.9,2.97,46.87,106,0.396
2037,30,2,206,6,63.4,4.68,32.7,33,0.029
2099,17,2,251,16,70.5,4.77,17.77,56,0.064
2044,24,3,66,1,102.4,0.81,40.99,116,0.015
2086,3,1,371,11,102.7,2.55,27.73,119,0.03
2091,3,1,55,41,113.9,3.24,73.65,18,0.745
2035,6,1,107,17,95.0,1.65,17.12,70,0.159
2065,13,1,374,10,67.4,2.33,13.44,30,0.027
2099,24,1,461,15,67.3,3.55,10.37,81,0.033
2047,29,2,367,48,103.3,1.52,32.96,39,0.131
2078,15,1,218,17,71.0,3.21,56.23,13,0.078
2003,25,2,131,34,79.7,3.64,61.13,102,0.26
2001,9,2,474,25,89.2,0.91,41.73,116,0.053
2005,4,2,482,15,61.5,2.74,57.9,99,0.031
2090,14,3,268,5,74.9,1.68,35.19,80,0.019
2014,5,3,226,43,84.5,3.76,56.75,36,0.19
2027,2,2,253,42,76.8,1.35,12.84,43,0.166
2009,11,3,120,46,68.2,4.52,37.35,8,0.383
2079,9,1,436,46,103.7,2.44,65.36,57,0.106
2015,24,1,315,47,108.8,1.39,66.21,19,0.149
2090,3,2,147,41,75.4,2.47,60.13,108,0.279
2042,27,1,394,11,106.5,2.34,24.3,91,0.028
2077,28,2,340,12,83.1,2.43,27.3,49,0.035
2051,29,2,257,3,90.4,3.14,79.73,19,0.012
2063,9,1,51,38,111.4,2.85,17.24,104,0.745
2096,3,3,173,1,105.0,1.17,22.65,35,0.006
2052,25,1,329,25,108.3,0.8,19.1,116,0.076
2096,2,1,123,26,68.2,3.78,32.94,26,0.211
2004,12,2,215,26,64.2,3.02,24.71,71,0.121
2094,10,2,71,14,113.6,2.12,44.84,31,0.197
2023,9,2,203,7,83.3,4.14,43.32,0,0.034
2015,15,2,476,6,77.3,2.25,73.11,16,0.013
2043,8,3,488,46,103.5,4.08,12.43,8,0.094
2029,25,3,344,45,110.2,1.88,32.39,83,0.131
2036,5,3,268,39,111.7,0.83,51.77,44,0.146
2013,11,2,206,11,79.0,4.7,52.34,95,0.053
2032,27,2,279,12,111.1,2.28,43.61,65,0.043
2071,2,2,69,42,62.5,4.07,67.1,31,0.609
2059,24,3,90,16,63.0,1.76,14.39,44,0.178
2086,28,2,487,16,97.4,3.41,67.08,8,0.033
2028,15,1,197,35,63.8,4.43,44.63,29,0.178
2066,6,1,157,20,79.5,0.69,19.36,83,0.127
2042,8,2,452,7,100.4,4.24,72.0,37,0.015
2045,27,1,133,4,80.2,3.07,55.45,59,0.03
2062,5,1,416,25,70.8,3.23,21.45,0,0.06
2057,16,3,371,15,76.9,2.85,12.36,4,0.04
2006,26,2,463,35,87.5,4.44,19.88,62,0.076
2028,18,2,358,27,88.5,0.7,52.62,98,0.075
2028,6,3,339,28,107.0,1.67,22.55,35,0.083
2044,5,1,455,46,105.0,4.44,25.8,64,0.101
2084,28,1,372,11,87.4,3.89,11.76,77,0.03
2030,16,2,183,36,110.7,0.58,60.61,72,0.197
2062,13,1,256,29,66.9,2.83,66.73,93,0.113
2075,28,3,332,22,75.3,2.88,65.78,23,0.066
2092,5,3,315,15,109.7,2.3,18.93,3,0.048
2089,13,2,122,13,82.7,1.84,73.23,113,0.107
2062,17,3,401,9,118.9,3.57,57.06,77,0.022
2097,18,3,97,6,88.0,1.44,72.83,88,0.062
2001,8,2,375,44,107.5,4.1,41.3,67,0.117
2027,13,3,282,36,84.1,4.11,40.59,24,0.128
2062,30,3,492,28,85.5,2.37,64.92,73,0.057
2077,29,3,149,2,83.0,1.78,16.53,98,0.013
2003,19,1,108,14,103.1,1.78,46.46,118,0.13
2070,26,2,307,35,92.9,2.67,68.55,6,0.114
2072,3,2,462,46,116.6,3.74,68.11,105,0.1
2027,24,2,114,45,75.1,2.11,76.93,12,0.395
2009,8,1,132,18,66.0,3.25,58.88,67,0.136
2062,2,1,203,12,83.6,2.22,24.54,113,0.059
2037,8,2,315,41,97.0,1.87,11.42,42,0.13
2097,27,1,358,20,111.6,0.61,43.56,56,0.056
2051,13,2,128,36,80.8,0.52,45.96,35,0.281
2044,13,1,364,26,99.2,1.52,26.82,119,0.071
2024,1,3,199,28,81.0,2.33,18.73,13,0.141
2079,6,3,484,19,97.0,4.33,51.03,81,0.039
2059,24,2,97,24,113.1,4.09,63.5,71,0.247
2032,19,1,454,5,73.9,1.7,79.52,95,0.011
2096,16,1,428,35,84.3,1.6,63.08,26,0.082
2088,8,3,297,1,119.6,1.52,65.55,105,0.003
2052,28,3,327,21,112.1,2.03,53.15,36,0.064
2062,1,1,405,31,93.9,2.74,79.01,86,0.077
2058,27,1,147,15,91.0,2.47,54.8,70,0.102
2052,27,1,463,17,77.1,1.48,70.22,75,0.037
2012,16,1,74,4,91.0,1.09,76.2,24,0.054
2039,9,1,333,35,110.9,0.56,75.09,66,0.105
2002,13,1,498,29,101.1,1.19,36.7,89,0.058
2003,11,2,418,44,77.4,3.67,15.51,3,0.105
2056,13,1,350,18,72.1,1.6,22.03,105,0.051
2081,25,3,117,22,75.9,2.61,14.15,99,0.188
2059,21,2,56,33,70.2,3.16,17.38,78,0.589
2002,10,1,354,12,65.7,4.49,22.93,95,0.034
2002,4,3,186,42,85.1,4.5,33.88,92,0.226
2092,27,2,213,28,66.8,3.86,48.05,73,0.131
2054,6,3,132,35,70.3,0.66,59.82,84,0.265
2087,28,1,434,21,92.8,3.09,24.76,117,0.048
2096,7,1,187,46,69.9,4.04,57.08,15,0.246
2097,5,1,469,35,63.8,0.58,59.3,110,0.075
2001,11,1,122,8,79.0,2.97,49.1,18,0.066
2019,13,2,286,38,73.2,4.36,73.25,28,0.133
2002,26,2,95,18,90.9,2.63,17.77,115,0.189
2053,25,3,155,37,66.1,0.52,22.4,50,0.239
2044,19,1,465,5,105.1,0.55,40.01,17,0.011
2090,23,3,337,46,114.4,2.37,18.87,57,0.136
2032,10,2,311,14,104.6,1.2,49.64,43,0.045
2070,10,1,225,19,92.0,3.49,37.89,15,0.084
2032,11,1,215,8,111.6,3.69,29.92,64,0.037
2068,21,2,194,31,101.7,1.3,21.9,111,0.16
2055,30,2,379,3,60.6,4.5,33.47,1,0.008
2075,7,2,419,49,83.6,2.49,52.56,55,0.117
2056,18,2,332,17,111.1,1.14,50.3,78,0.051
2017,4,2,103,4,80.8,3.94,21.45,102,0.039
2038,2,1,227,19,62.1,4.05,18.74,27,0.084
2024,14,2,468,22,104.8,3.38,11.87,64,0.047
2069,13,1,293,10,108.1,4.34,10.87,4,0.034
2098,29,1,390,36,69.6,3.82,71.59,105,0.092
2070,12,2,176,21,92.2,4.47,13.16,21,0.119
2086,7,2,458,3,71.5,2.45,61.19,116,0.007
2011,2,1,461,28,103.2,3.86,71.04,99,0.061
2016,13,2,416,43,76.3,5.0,16.86,109,0.103
2097,14,2,320,33,79.0,3.76,40.54,12,0.103
2073,27,2,181,12,110.7,1.01,77.36,64,0.066
2059,17,3,142,41,88.6,2.83,68.39,15,0.289
2070,9,1,428,8,100.2,3.14,44.28,118,0.019
2080,17,3,122,41,84.1,1.28,63.38,104,0.336
2093,8,2,460,30,77.9,4.83,68.34,85,0.065
2003,2,3,459,6,97.5,1.29,34.36,63,0.013
2020,28,2,452,3,69.3,1.3,72.45,31,0.007
2059,24,3,297,18,82.4,4.62,42.93,79,0.061
2036,13,2,397,41,72.5,2.59,46.95,50,0.103
2019,3,3,322,29,101.7,0.78,79.98,78,0.09
2090,16,3,92,30,116.7,3.19,69.03,57,0.326
2067,6,3,426,34,119.7,3.21,35.32,45,0.08
2019,19,1,90,20,87.0,0.79,10.72,51,0.222
2020,30,3,219,30,75.2,4.88,53.83,105,0.137
2096,7,1,483,18,86.6,2.95,59.27,116,0.037
2071,10,2,261,30,110.8,3.02,55.56,62,0.115
2052,9,3,217,31,72.4,2.84,77.75,75,0.143
2033,2,2,88,1,117.1,3.25,70.41,59,0.011
2040,28,2,418,9,80.5,1.69,41.42,64,0.022
2039,28,3,294,1,119.1,1.79,14.4,116,0.003
2082,15,1,200,1,110.3,2.8,43.32,80,0.005
2001,30,3,160,23,108.5,4.13,58.25,104,0.144
2011,5,2,485,16,79.1,0.72,52.54,54,0.033
2092,29,2,96,31,60.5,3.22,47.67,114,0.323
2057,22,3,112,15,82.9,4.13,42.82,56,0.134
2089,4,1,274,15,78.1,1.21,30.56,113,0.055
2050,20,1,415,45,62.2,0.57,29.41,91,0.108
2023,4,2,118,38,90.3,1.91,45.02,70,0.322
2031,18,2,348,30,84.2,3.15,21.24,72,0.086
2094,4,1,481,42,98.1,1.12,33.85,85,0.087
2042,27,3,339,23,97.3,2.42,32.68,25,0.068
2099,17,2,345,0,67.2,2.99,51.1,116,0.0
2007,12,1,252,10,118.6,3.19,14.67,11,0.04
2016,22,2,110,20,71.2,1.73,68.08,70,0.182
2090,17,3,483,3,86.7,2.3,49.37,45,0.006
2060,10,1,367,6,89.3,4.0,56.96,46,0.016
2002,22,2,363,25,108.8,4.74,59.22,78,0.069
2001,1,3,210,46,66.0,4.38,30.4,37,0.219
2048,22,2,380,49,85.7,3.04,42.93,20,0.129
2012,26,3,65,11,97.7,2.35,76.94,13,0.169
2069,24,3,387,30,72.9,2.0,63.67,1,0.078
2037,27,1,143,16,97.6,1.06,77.87,71,0.112
2032,18,3,353,32,115.4,0.98,62.24,108,0.091
2009,18,2,187,10,119.9,3.6,22.29,118,0.053
2099,14,3,387,27,61.9,1.67,14.52,69,0.07
2019,15,3,87,31,74.1,1.65,50.44,100,0.356
2048,29,1,176,0,78.6,4.99,35.05,100,0.0
2080,12,3,324,46,83.9,1.35,29.28,32,0.142
2003,4,3,213,27,74.5,1.17,66.5,104,0.127
2020,27,2,492,41,72.2,0.94,35.69,5,0.083
2024,3,1,368,6,117.3,3.11,32.19,115,0.016
2054,20,1,126,1,115.1,3.33,69.5,89,0.008
2033,29,1,223,41,62.8,2.14,69.24,102,0.184
2024,12,3,436,23,80.3,2.91,34.95,104,0.053
2075,7,1,407,3,84.3,4.05,68.27,36,0.007
2072,29,3,370,43,74.3,4.18,69.55,13,0.116
2036,11,3,425,18,97.7,4.81,39.68,36,0.042
2038,1,2,140,25,98.4,4.21,14.65,7,0.179
2084,6,2,287,10,111.0,3.04,10.11,102,0.035
2099,15,2,313,39,104.5,1.31,46.63,76,0.125
2089,15,2,228,49,92.6,0.95,34.09,12,0.215
2099,19,2,258,42,99.2,0.75,79.8,39,0.163
2025,11,3,122,10,76.4,3.5,64.07,106,0.082
2093,26,3,439,44,95.6,4.13,63.29,91,0.1
2018,23,1,156,2,89.4,2.79,76.87,57,0.013
2082,26,3,394,11,68.0,0.75,72.14,17,0.028
2066,2,3,344,2,74.6,2.91,32.27,56,0.006
2054,14,2,418,41,77.5,4.71,21.62,82,0.098
2035,2,3,493,26,115.5,3.19,62.21,37,0.053
2080,29,2,333,48,73.8,4.14,36.48,31,0.144
2061,4,1,402,1,77.4,4.1,43.12,85,0.002
2041,17,1,231,48,82.2,4.69,54.13,65,0.208
2033,3,3,86,15,99.8,3.97,73.55,76,0.174
2068,13,1,186,1,67.1,3.86,39.34,86,0.005
2033,9,3,387,29,117.2,1.55,64.83,24,0.075
2014,7,1,105,19,111.9,0.77,28.78,91,0.181
2021,15,2,236,37,94.6,2.83,58.86,57,0.157
2048,23,2,390,27,100.4,1.06,10.11,74,0.069
2020,29,2,307,24,61.0,4.83,71.01,32,0.078
2008,29,2,494,31,80.3,1.8,12.13,87,0.063
2007,11,3,107,9,107.7,4.34,59.89,65,0.084
2067,20,1,412,41,64.6,2.24,13.24,29,0.1
2017,2,3,172,39,76.9,1.95,28.64,80,0.227
2033,15,2,237,32,95.1,4.71,44.8,103,0.135
2048,14,3,279,12,75.4,2.13,39.4,33,0.043
2076,20,1,217,40,116.0,2.26,23.43,101,0.184
2059,22,3,469,41,67.9,0.98,33.37,85,0.087
2086,11,1,163,46,107.8,3.52,60.94,68,0.282
2022,27,3,301,36,90.5,1.8,56.85,47,0.12
2030,3,1,156,15,105.0,3.14,15.03,39,0.096
2038,17,1,86,44,78.6,3.16,62.31,50,0.512
2051,30,2,384,21,90.9,3.74,13.71,79,0.055
2054,12,1,141,19,111.4,3.85,48.0,12,0.135
2008,24,2,67,49,88.0,2.82,28.2,89,0.731
2027,28,2,403,42,81.6,1.99,51.14,30,0.104
2027,29,2,112,26,92.2,4.27,28.29,115,0.232
2098,21,3,199,40,103.0,1.89,78.95,38,0.201
2021,15,3,188,15,86.6,2.78,31.68,62,0.08
2030,16,3,235,33,116.3,2.31,26.94,47,0.14
2097,5,3,234,31,77.7,4.35,29.49,86,0.132
2028,27,1,254,25,88.5,2.44,72.75,47,0.098
2064,20,1,309,24,105.4,2.24,54.54,60,0.078
2097,6,3,263,1,101.3,3.6,61.15,11,0.004
2069,19,1,305,11,111.8,3.21,74.26,77,0.036
2061,25,1,184,39,119.8,0.98,73.83,55,0.212
2048,5,2,110,8,85.6,2.79,61.73,17,0.073
2019,3,2,412,11,66.7,3.81,23.85,26,0.027
2004,27,2,359,25,61.8,4.96,69.04,27,0.07
2035,1,2,137,8,103.6,3.33,24.26,81,0.058
2064,26,1,373,9,112.4,2.17,62.0,79,0.024
2049,28,3,256,31,73.2,1.52,57.99,51,0.121
2017,6,1,178,33,69.5,4.43,63.12,15,0.185
2044,15,1,360,47,63.7,4.17,47.29,76,0.131
2092,2,1,52,19,109.4,1.55,54.71,57,0.365
2030,29,2,471,38,78.7,1.4,76.73,92,0.081
2093,3,2,291,1,84.1,3.72,17.08,8,0.003
2046,17,2,170,0,90.2,1.92,31.62,25,0.0
2006,25,3,434,35,110.4,1.88,52.79,27,0.081
2099,24,1,151,23,99.0,1.19,77.48,104,0.152
2037,12,3,87,26,96.9,1.69,16.69,76,0.299
2024,18,2,390,1,70.5,2.42,11.58,35,0.003
2093,15,3,462,30,90.8,3.8,13.9,8,0.065
2046,12,1,182,13,102.9,2.01,13.67,46,0.071
2053,16,1,251,1,118.4,1.98,73.55,77,0.004
2095,27,2,397,28,72.1,1.78,60.49,50,0.071
2099,8,2,70,14,60.6,2.65,57.4,75,0.2
2060,28,3,291,11,64.5,1.31,46.58,116,0.038
2097,14,2,158,36,82.6,2.69,64.74,56,0.228
2063,25,2,352,27,109.2,3.67,20.9,31,0.077
2085,17,1,133,19,60.4,0.63,37.44,101,0.143
2032,29,2,132,38,87.4,0.54,44.3,66,0.288
2087,21,2,340,23,79.8,0.84,17.73,56,0.068
2033,8,1,118,20,63.1,2.91,39.37,53,0.169
2067,15,1,178,9,87.0,4.35,32.16,115,0.051
2018,27,3,245,45,75.3,0.52,12.49,15,0.184
2025,14,2,189,13,81.1,4.71,19.57,61,0.069
2095,18,1,493,36,102.3,0.98,63.48,83,0.073
2054,20,3,332,17,91.3,4.29,11.26,95,0.051
2058,7,3,361,23,67.5,2.67,75.4,55,0.064
2067,3,2,283,13,117.7,3.47,16.05,22,0.046
2046,29,2,72,33,98.2,2.8,65.95,16,0.458
2024,12,3,202,11,106.0,2.65,72.9,79,0.054
2032,21,1,326,21,64.8,4.26,75.88,37,0.064
2047,24,3,110,5,62.8,3.9,70.72,71,0.045
2086,28,2,368,35,61.2,2.68,30.13,82,0.095
2023,26,1,427,44,71.3,1.0,33.32,29,0.103
2066,3,1,101,35,84.9,1.02,39.86,57,0.347
2027,20,3,393,21,116.1,4.11,19.75,97,0.053
2002,14,2,202,13,87.4,2.88,11.56,77,0.064
2090,15,3,286,15,77.4,2.67,70.84,21,0.052
2017,25,3,360,35,93.7,3.56,48.79,107,0.097
2033,30,3,351,24,66.7,4.36,52.61,16,0.068
2009,14,1,81,31,96.6,3.33,74.89,14,0.383
2043,7,1,104,32,94.1,3.93,56.56,113,0.308
2048,17,2,401,44,107.5,3.94,58.36,47,0.11
2039,30,2,438,35,119.2,2.1,65.09,31,0.08
2093,12,3,85,19,75.1,1.73,18.14,76,0.224
2042,20,3,159,17,90.6,4.11,35.21,84,0.107
2026,4,3,226,37,114.5,2.2,77.77,112,0.164
2099,9,2,411,2,107.1,4.57,74.61,39,0.005
2050,6,1,363,22,89.2,0.81,71.89,96,0.061
2025,16,1,344,31,116.7,0.76,41.65,56,0.09
2024,25,3,385,44,63.4,4.67,70.0,57,0.114
2013,28,3,146,15,115.9,3.42,13.39,90,0.103
2060,22,3,418,4,63.0,2.21,20.4,98,0.01
2007,22,3,262,3,92.8,3.9,38.98,15,0.011
2057,21,2,366,20,113.4,3.53,43.84,27,0.055
2036,21,1,186,39,75.8,2.89,28.45,97,0.21
2045,2,3,55,13,88.3,0.94,34.95,110,0.236
2020,24,2,158,38,79.5,4.15,21.39,0,0.241
2065,8,3,84,30,117.1,4.4,44.24,40,0.357
2008,11,3,88,13,109.4,1.27,65.57,47,0.148
2016,13,1,199,5,102.5,4.33,56.3,30,0.025
2014,17,3,474,11,95.3,4.45,17.55,35,0.023
2076,8,1,167,15,109.2,2.97,44.13,107,0.09
2087,21,1,310,16,83.5,3.45,58.84,32,0.052
2015,18,1,475,44,86.9,2.22,47.09,32,0.093
2092,30,2,136,22,103.8,1.77,37.42,102,0.162
2098,18,2,125,13,81.5,3.75,53.53,81,0.104
2066,14,1,463,6,63.8,4.38,77.8,22,0.013
2032,15,3,362,45,64.5,3.44,16.64,59,0.124
2087,6,1,432,31,66.9,2.8,37.3,86,0.072
2063,11,3,263,14,112.2,1.22,38.46,78,0.053
2086,13,1,334,43,88.3,0.74,50.39,89,0.129
2051,25,3,288,16,102.8,2.51,20.65,29,0.056
2025,1,2,214,40,83.6,0.72,22.37,88,0.187
2058,28,3,136,46,75.5,3.06,29.98,44,0.338
2063,6,1,190,43,80.8,2.22,76.91,79,0.226
2062,9,2,209,33,107.7,3.91,61.39,38,0.158
2022,8,3,95,4,97.5,1.88,56.32,111,0.042
2058,11,3,421,44,116.3,3.17,67.19,44,0.105
2058,22,3,161,26,100.8,2.92,18.93,77,0.161
2086,19,3,456,22,94.2,0.52,70.15,80,0.048
2049,24,3,94,39,96.6,0.83,51.64,11,0.415
2052,9,2,450,13,116.5,1.81,33.47,92,0.029
2042,17,2,296,14,107.3,4.47,67.11,31,0.047
2070,12,2,153,42,61.4,1.16,66.18,55,0.275
2015,25,2,134,32,92.0,3.7,69.2,23,0.239
2054,14,1,499,30,101.3,4.88,18.09,115,0.06
2060,15,2,183,34,104.9,4.06,77.86,12,0.186
2097,16,3,157,16,72.8,1.59,77.17,119,0.102
2008,22,3,67,27,112.0,4.59,35.02,19,0.403
2053,22,2,143,18,117.4,0.92,14.61,78,0.126
2060,28,3,199,45,74.2,2.61,21.69,55,0.226
2005,20,2,295,22,113.0,4.49,79.5,52,0.075
2068,1,3,338,31,65.8,3.39,49.41,67,0.092
2006,10,1,463,39,63.3,2.36,34.96,53,0.084
2096,8,1,258,12,67.8,1.82,30.17,33,0.047
2094,18,2,175,19,63.5,2.19,27.99,27,0.109
2047,28,2,284,34,110.7,2.79,56.49,49,0.12
2099,1,2,465,4,63.5,1.94,39.36,1,0.009
2055,2,3,475,8,76.3,4.86,77.58,110,0.017
2040,1,2,171,28,66.2,4.7,57.87,93,0.164
2052,1,1,187,5,77.7,4.42,65.44,25,0.027
2016,9,3,164,24,65.4,2.4,30.49,50,0.146
2013,13,2,469,30,100.1,3.61,15.54,46,0.064
2030,30,3,211,21,68.0,4.56,44.15,25,0.1
2019,1,3,250,1,111.1,4.33,32.02,83,0.004
2017,13,2,283,44,109.0,2.36,24.15,105,0.155
2063,20,3,77,4,60.8,1.01,76.68,91,0.052
2019,26,1,60,26,113.7,0.84,41.08,119,0.433
2092,22,1,255,24,61.7,3.1,22.23,83,0.094
2058,7,3,216,7,74.4,3.39,23.91,74,0.032
2055,2,2,296,0,61.9,4.32,29.65,73,0.0
2090,6,3,96,19,80.2,1.82,79.95,60,0.198
2090,7,1,295,43,90.8,1.25,28.76,22,0.146
2062,26,3,176,22,107.8,2.21,33.02,36,0.125
2023,14,3,196,31,80.3,2.09,56.15,40,0.158
2009,26,1,167,10,102.3,1.1,30.58,51,0.06
2012,18,3,448,38,71.3,3.53,25.11,82,0.085
2001,15,3,431,46,105.0,2.79,21.1,108,0.107
2058,2,2,461,23,74.2,3.75,31.89,81,0.05
2001,10,2,201,10,68.6,2.09,17.41,48,0.05
2034,23,1,121,28,71.1,1.97,11.31,26,0.231
2096,12,1,412,25,70.9,2.63,66.32,5,0.061
2048,17,1,186,15,90.8,4.45,19.65,73,0.081
2089,8,2,224,34,110.7,0.68,64.32,65,0.152
2001,11,1,338,19,64.8,4.12,65.83,23,0.056
2016,29,1,495,45,102.4,2.16,47.65,37,0.091
2061,3,1,68,2,99.3,4.35,31.68,27,0.029
2064,27,2,244,0,112.4,4.11,20.15,27,0.0
2063,6,3,379,46,74.6,2.07,61.58,116,0.121
2069,9,1,473,0,87.0,3.62,52.1,108,0.0
2022,6,3,224,16,115.5,1.22,55.88,113,0.071
2093,9,1,498,1,99.6,4.53,10.61,102,0.002
2067,7,3,462,28,83.3,2.32,74.93,65,0.061
2076,9,2,483,19,67.9,2.55,14.64,60,0.039
2026,18,2,403,5,75.7,3.68,35.68,45,0.012
2016,12,1,190,7,94.9,4.19,38.19,68,0.037
2051,8,3,295,28,103.1,1.56,10.09,113,0.095
2086,8,2,434,47,67.5,3.48,44.8,74,0.108
2057,18,1,467,32,96.0,2.26,62.7,73,0.069
2029,28,1,142,2,93.0,2.16,67.63,42,0.014
2078,30,2,481,34,90.8,3.61,71.56,58,0.071
2092,20,2,288,4,101.4,2.24,44.14,1,0.014
2069,30,1,254,26,110.2,2.06,54.14,14,0.102
2047,15,3,97,43,79.4,4.26,15.57,102,0.443
2094,27,3,482,11,113.3,0.96,44.16,104,0.023
2062,7,3,294,19,69.6,3.54,20.84,36,0.065
2069,11,1,369,44,70.4,1.62,35.88,70,0.119
2076,20,2,366,19,76.0,0.57,33.05,19,0.052
2016,16,1,462,8,67.2,1.25,39.65,97,0.017
2090,4,2,344,38,73.8,3.23,50.01,34,0.11
2090,6,3,177,3,66.4,3.69,73.2,33,0.017
2048,26,3,393,18,109.3,0.59,37.61,116,0.046
2085,22,2,331,37,68.3,0.66,78.68,85,0.112
2039,26,2,66,26,104.8,4.56,63.13,30,0.394
2033,3,1,120,44,62.9,0.83,45.8,86,0.367
2094,9,3,318,42,116.9,4.52,55.08,18,0.132
2023,28,1,374,12,102.7,1.53,17.16,67,0.032
2010,10,1,331,12,60.4,3.83,69.12,23,0.036
2069,14,1,354,21,105.8,1.89,50.77,83,0.059
2034,11,3,56,27,90.8,4.36,79.02,38,0.482
2052,18,1,363,46,106.8,3.65,54.55,91,0.127
2095,22,1,354,44,91.3,2.31,68.39,53,0.124
2010,12,1,152,21,98.5,0.84,65.98,38,0.138
2019,23,1,358,42,107.2,3.8,34.18,16,0.117
2058,12,1,242,18,84.3,3.28,28.17,18,0.074
2096,13,1,290,7,60.2,0.51,40.13,117,0.024
2001,25,3,111,7,111.0,0.54,42.71,47,0.063
2069,13,1,66,41,82.9,4.14,26.81,34,0.621
2004,19,2,220,25,89.8,1.67,72.62,31,0.114
2016,26,1,74,47,60.5,3.36,47.98,46,0.635
2024,19,1,300,25,89.5,2.54,78.49,109,0.083
2080,23,3,302,22,119.2,4.39,66.7,46,0.073
2002,14,3,436,42,76.7,4.63,48.9,63,0.096
2092,4,2,256,12,83.7,4.99,76.29,45,0.047
2032,13,2,78,27,101.2,1.19,45.34,102,0.346
2091,8,3,166,8,108.9,4.38,72.1,34,0.048
2084,29,3,465,19,85.0,1.7,35.07,93,0.041
2024,23,1,331,18,78.6,3.16,36.5,16,0.054
2012,21,3,429,47,116.3,2.78,39.27,41,0.11
2050,23,2,193,38,100.6,0.58,48.26,110,0.197
2035,19,1,74,11,67.1,4.7,48.74,28,0.149
2033,12,2,359,14,64.1,0.85,44.75,69,0.039
2033,18,1,205,30,89.0,3.6,31.42,16,0.146
2061,6,3,122,13,73.2,4.03,74.9,80,0.107
2051,18,2,169,10,75.2,4.08,51.2,13,0.059
2043,19,1,361,25,112.7,1.11,38.54,23,0.069
2012,22,1,370,41,65.4,2.51,55.58,56,0.111
2067,5,3,142,26,102.9,4.23,63.76,49,0.183
2065,24,3,135,10,76.3,1.86,77.25,56,0.074
2033,9,3,385,37,105.6,2.6,44.97,100,0.096
2040,27,2,474,33,103.3,1.73,17.85,60,0.07
2074,3,1,413,42,60.4,2.59,40.85,103,0.102
2043,28,3,484,18,90.5,4.5,43.53,38,0.037
2044,10,2,167,5,68.4,2.55,72.79,54,0.03
2029,19,2,282,45,112.0,3.0,37.64,95,0.16
2013,3,2,248,37,112.3,2.32,76.73,35,0.149
2012,29,3,255,48,85.1,2.57,43.96,113,0.188
2095,29,3,462,41,86.7,0.57,78.16,36,0.089
2046,22,1,388,27,78.2,1.78,10.57,111,0.07
2002,15,1,196,0,103.0,2.46,72.92,13,0.0
2035,1,3,499,34,81.5,3.35,75.18,26,0.068
2087,7,2,474,39,76.1,2.53,77.27,82,0.082
2081,12,2,478,7,85.9,2.02,10.92,30,0.015
2090,17,2,320,46,65.5,2.25,22.02,109,0.144
2008,30,1,436,6,104.8,1.59,55.76,72,0.014
2093,21,2,188,10,60.8,4.66,11.78,101,0.053
2026,26,1,230,38,98.7,2.85,14.45,80,0.165
2074,29,1,479,3,71.0,0.56,25.48,82,0.006
2090,24,2,79,24,73.9,0.59,45.87,43,0.304
2034,20,2,106,11,98.1,4.88,48.21,67,0.104
2007,5,3,281,25,119.6,1.5,12.4,47,0.089
2068,4,3,195,37,106.7,4.13,21.93,56,0.19
2058,28,2,484,45,73.6,0.76,44.98,74,0.093
2075,12,1,433,11,70.6,4.65,51.58,21,0.025
2029,30,1,97,42,112.0,4.43,20.39,3,0.433
2036,20,1,243,36,86.7,3.07,37.92,80,0.148
2089,28,1,273,45,68.2,0.54,73.31,71,0.165
2021,24,1,185,23,111.7,1.66,79.92,45,0.124
2036,18,3,71,15,109.0,2.33,79.11,58,0.211
2010,17,2,55,12,119.0,2.57,71.72,33,0.218
2073,19,3,253,24,114.6,1.84,37.63,10,0.095
2024,9,1,288,3,111.1,0.65,58.06,30,0.01
2064,4,1,234,10,63.2,3.16,39.16,10,0.043
2099,26,1,409,31,66.3,2.86,55.4,119,0.076
2049,21,1,341,48,94.1,1.77,31.66,117,0.141
2099,2,2,384,6,91.9,0.67,52.43,55,0.016
2036,4,1,269,45,87.5,4.98,46.66,37,0.167
2082,2,2,165,10,83.8,2.67,11.71,116,0.061
2096,15,1,362,27,85.9,3.9,65.35,20,0.075
2024,2,2,98,40,94.2,2.54,10.83,109,0.408
2023,4,3,222,22,60.1,0.69,30.52,93,0.099
2062,6,1,131,44,75.6,1.89,10.41,9,0.336
2096,7,2,371,22,91.1,1.94,36.33,25,0.059
2037,10,3,382,49,103.3,4.27,14.42,90,0.128
2012,19,1,94,27,70.4,3.44,73.95,7,0.287
2055,19,1,384,42,92.8,1.74,39.1,102,0.109
2013,26,1,69,46,102.9,4.85,42.16,7,0.667
2023,22,2,497,25,86.7,1.95,34.49,59,0.05
2089,29,2,270,24,61.6,4.99,53.93,71,0.089
2099,12,3,172,28,87.0,4.98,64.91,118,0.163
2030,3,2,283,18,77.8,1.36,55.37,33,0.064
2017,13,2,270,32,115.8,1.91,62.37,15,0.119
2062,18,1,372,35,67.5,2.69,73.42,104,0.094
2084,8,1,388,13,99.1,3.49,70.45,12,0.034
2089,21,1,52,13,63.2,2.88,57.18,86,0.25
2086,15,1,231,34,86.8,4.86,25.02,75,0.147
2013,1,1,255,29,93.2,3.76,54.64,90,0.114
2059,3,1,369,27,77.9,1.45,45.43,21,0.073
2019,26,1,89,16,87.3,0.97,60.21,95,0.18
2049,8,3,108,2,69.8,3.6,68.31,112,0.019
2012,4,3,488,15,78.2,1.21,61.99,26,0.031
2061,16,3,111,45,97.3,4.04,69.26,63,0.405
2019,30,3,181,29,78.1,1.9,14.47,1,0.16
2076,23,1,109,28,114.0,1.97,12.21,108,0.257
2009,10,3,421,44,97.7,0.55,28.1,96,0.105
2071,12,1,380,14,86.3,3.65,73.05,25,0.037
2028,14,3,171,45,62.3,1.01,67.66,91,0.263
2078,14,2,156,24,90.0,3.98,57.79,82,0.154
2095,2,3,145,37,105.9,2.71,59.05,106,0.255
2052,23,3,396,41,75.9,4.03,60.87,68,0.104
2083,5,1,463,46,108.4,3.13,75.98,96,0.099
2016,5,3,284,37,75.1,0.87,68.25,83,0.13
2069,6,2,435,22,109.4,3.95,53.64,29,0.051
2099,13,1,111,24,65.1,0.81,56.6,108,0.216
2012,9,1,305,41,112.0,2.65,24.96,7,0.134
2025,30,3,98,6,90.0,1.28,56.01,37,0.061
2052,22,1,442,21,77.8,3.89,39.73,60,0.048
2085,28,1,397,16,75.9,4.6,20.71,80,0.04
2053,29,1,208,17,85.9,2.99,66.45,107,0.082
2023,15,1,173,48,119.9,2.87,45.72,64,0.277
2016,14,1,366,40,73.2,3.94,78.42,66,0.109
2057,24,1,256,9,66.2,0.52,29.72,45,0.035
2039,7,2,97,9,95.1,4.63,43.65,89,0.093
2053,25,3,458,6,89.3,1.39,41.36,94,0.013
2042,20,2,469,47,91.5,4.93,18.45,71,0.1
2058,2,1,185,49,100.0,3.81,39.83,42,0.265
2039,7,1,250,37,76.0,3.98,30.13,58,0.148
2014,6,3,299,26,114.6,3.45,21.22,45,0.087
2095,17,2,363,32,86.1,2.62,29.75,71,0.088
2005,27,3,406,0,67.7,3.07,26.33,34,0.0
2035,25,2,417,43,104.5,0.71,61.39,38,0.103
2087,25,1,478,33,98.6,3.31,12.15,91,0.069
2093,28,3,367,3,78.9,3.32,53.22,50,0.008
2075,2,3,344,16,97.3,4.51,63.25,3,0.047
2018,3,1,363,3,73.2,2.78,43.65,79,0.008
2076,5,3,258,42,86.7,0.85,75.21,76,0.163
2009,5,2,404,25,114.0,1.88,59.55,83,0.062
2074,1,2,260,3,68.0,3.45,62.35,50,0.012
2058,8,2,241,0,83.2,1.58,23.79,4,0.0
2017,12,2,93,6,109.3,1.76,64.41,54,0.065
2007,24,1,78,29,118.2,4.19,68.25,100,0.372
2046,4,3,108,49,87.2,3.13,35.29,19,0.454
2013,13,2,120,8,90.4,2.79,24.94,23,0.067
2040,23,1,141,34,94.3,1.93,36.95,35,0.241
2042,15,3,314,7,115.9,3.79,61.77,33,0.022
2009,11,3,432,23,111.5,1.79,39.23,108,0.053
2050,10,1,269,18,70.2,3.82,61.57,111,0.067
2027,3,1,439,35,86.2,0.82,17.95,53,0.08
2066,22,2,462,49,87.8,4.39,66.42,33,0.106
2005,14,3,491,42,107.3,2.75,27.72,82,0.086
2029,16,3,450,26,96.2,2.47,27.43,16,0.058
2037,10,1,449,31,99.3,3.25,51.33,4,0.069
2038,29,3,264,13,119.9,3.31,14.91,88,0.049
2083,10,2,436,17,64.5,1.09,11.84,17,0.039
2008,12,3,326,27,73.4,3.9,28.27,54,0.083
2065,30,1,113,28,84.5,1.74,47.66,52,0.248
2086,9,1,395,15,80.9,4.57,73.53,49,0.038
2017,1,2,341,34,61.3,4.18,69.25,71,0.1
2071,5,2,294,46,65.5,2.06,44.33,90,0.156
2089,20,3,111,30,100.9,4.13,12.59,78,0.27
2045,8,3,475,3,112.8,2.1,47.47,44,0.006
2004,11,1,381,36,90.9,0.95,59.34,12,0.094
2036,12,2,219,16,92.4,4.83,33.74,15,0.073
2070,1,2,494,38,75.3,3.44,17.77,85,0.077
2031,25,2,318,47,106.1,2.55,29.5,83,0.148
2019,22,3,316,45,105.1,2.29,64.01,12,0.142
2061,20,2,103,25,95.3,1.96,34.59,19,0.243
2054,28,1,65,47,72.8,4.92,66.84,65,0.723
2039,25,1,57,38,65.8,1.11,32.37,98,0.667
2091,11,3,153,40,63.9,1.92,21.45,46,0.261
2074,5,3,108,3,95.6,2.68,40.51,118,0.028
2090,15,2,362,29,109.5,2.65,41.66,18,0.08
2019,5,3,89,29,111.5,2.62,11.13,44,0.326
2039,12,1,286,21,87.8,1.29,18.19,36,0.073
2067,5,2,492,10,107.1,1.15,22.94,53,0.02
2045,17,1,435,1,116.8,1.65,17.95,5,0.002
2013,17,2,143,43,76.5,4.62,33.91,13,0.301
2092,24,3,271,11,83.9,1.01,77.52,3,0.041
2058,12,2,253,29,115.9,3.91,45.65,85,0.115
2020,24,2,187,35,80.3,3.91,53.93,114,0.187
2092,28,1,349,17,114.8,4.14,34.95,54,0.049
2072,15,1,444,25,118.9,4.49,32.64,102,0.056
2061,15,2,256,6,99.7,1.68,11.62,99,0.023
2039,6,3,385,0,109.0,1.51,45.02,33,0.0
2001,12,3,130,25,105.0,2.59,43.85,26,0.192
2003,27,1,267,22,102.0,1.69,21.05,6,0.082
2077,29,3,51,25,78.4,3.8,63.5,2,0.49
2092,20,1,227,44,63.4,3.36,44.49,46,0.194
2062,18,3,445,5,80.6,4.44,33.73,96,0.011
2063,14,2,420,5,100.0,0.87,20.28,1,0.012
2025,2,1,395,43,66.2,4.62,48.65,105,0.109
2056,9,1,328,7,60.7,1.82,62.7,79,0.021
2033,5,2,195,23,68.4,2.71,29.74,24,0.118
2038,20,1,367,21,102.9,2.47,25.32,59,0.057
2006,26,3,273,18,118.4,3.92,46.54,78,0.066
2058,29,3,418,36,119.0,2.39,20.87,23,0.086
2044,1,1,433,17,89.6,4.75,56.66,14,0.039
2045,23,3,111,30,112.2,4.56,52.37,94,0.27
2032,3,1,343,36,104.2,4.42,16.1,13,0.105
2045,6,2,288,29,90.1,0.82,12.56,53,0.101
2061,5,1,244,41,94.4,4.34,53.42,77,0.168
2047,21,2,215,32,68.2,4.02,30.6,5,0.149
2021,27,3,271,9,116.3,0.97,16.05,77,0.033
2080,5,2,110,36,81.1,0.98,63.16,80,0.327
2085,1,3,178,11,86.8,0.96,31.98,17,0.062
2075,17,1,222,29,100.3,0.55,42.17,19,0.131
2036,19,3,205,26,80.0,2.97,26.58,114,0.127
2099,14,1,454,38,75.3,4.88,53.91,61,0.084
2019,12,1,427,8,97.9,2.47,31.1,80,0.019
2020,10,2,159,20,61.5,2.93,77.76,79,0.126
2057,20,2,318,11,103.2,4.86,59.21,39,0.035
2018,21,2,460,28,90.8,1.65,19.57,38,0.061
2047,18,2,405,32,96.3,4.36,39.17,51,0.079
2049,24,3,440,42,97.9,2.96,36.98,31,0.095
2014,27,3,327,14,91.6,3.06,47.4,107,0.043
2015,11,3,123,1,95.0,2.04,68.94,72,0.008
2031,30,1,486,38,101.0,3.03,50.84,26,0.078
2001,2,3,256,43,105.2,0.83,14.31,109,0.168
2054,25,3,437,17,103.6,3.94,55.88,51,0.039
2003,18,3,328,2,112.2,1.78,10.58,96,0.006
2016,29,2,424,6,71.4,4.49,64.6,62,0.014
2087,25,3,375,42,84.1,2.16,56.66,73,0.112
2057,7,1,389,17,116.9,1.14,31.61,62,0.044
2075,24,2,406,43,83.8,3.63,30.47,16,0.106
2012,15,1,389,37,67.5,1.24,65.88,112,0.095
2074,11,3,253,36,91.5,3.89,64.83,48,0.142
2096,18,2,210,32,66.6,4.86,34.66,99,0.152
2016,23,1,77,43,72.2,4.01,30.93,80,0.558
2072,12,3,441,30,119.9,0.6,49.19,81,0.068
2076,6,1,306,10,92.5,3.2,10.59,115,0.033
2024,20,1,214,3,77.0,3.63,15.79,22,0.014
2028,23,1,112,17,119.7,4.21,18.83,97,0.152
2008,30,3,71,3,118.0,0.75,22.98,71,0.042
2092,13,3,119,48,86.4,2.66,45.84,12,0.403
2036,20,1,430,33,75.6,2.91,79.46,22,0.077
2090,16,2,454,28,110.3,1.26,55.68,56,0.062
2008,18,2,145,23,102.9,1.95,14.29,61,0.159
2058,10,3,212,21,101.2,2.48,46.79,53,0.099
2060,28,3,128,1,113.6,4.25,44.77,19,0.008
2050,23,3,54,43,101.4,4.68,20.09,85,0.796
2028,8,3,365,5,77.0,3.33,74.42,110,0.014
2092,18,3,169,41,101.6,2.28,40.85,51,0.243
2041,21,2,351,24,78.3,1.64,79.62,22,0.068
2064,1,3,227,20,105.6,4.92,39.41,104,0.088
2027,23,1,225,15,97.2,4.92,52.56,34,0.067
2063,8,1,439,30,64.6,4.66,17.33,66,0.068
2017,29,2,266,13,90.8,4.04,41.8,33,0.049
2073,6,1,105,38,80.6,1.97,26.71,32,0.362
2033,5,2,415,27,79.7,4.18,68.49,45,0.065
2084,15,2,236,31,96.1,2.34,64.87,80,0.131
2077,22,1,281,27,79.3,1.97,67.69,44,0.096
2092,15,3,304,48,106.6,3.85,60.65,18,0.158
2029,2,1,462,8,64.2,0.86,68.29,93,0.017
2013,1,1,153,44,99.6,0.72,24.06,86,0.288
2046,23,2,126,21,108.6,2.52,41.64,14,0.167
2035,23,1,279,31,100.4,2.51,58.43,77,0.111
2006,26,2,451,4,89.8,4.53,54.62,65,0.009
2082,11,3,307,22,117.0,1.07,60.14,38,0.072
2069,10,3,313,4,78.0,1.05,25.7,112,0.013
2047,30,3,380,41,61.2,1.16,16.89,17,0.108
2025,18,1,231,31,85.9,0.63,74.18,69,0.134
2066,18,2,430,9,62.0,0.82,49.21,58,0.021
2010,17,3,305,38,117.2,3.47,20.77,31,0.125
2056,26,2,87,14,72.6,2.44,65.54,20,0.161
2030,8,2,225,6,107.3,3.94,74.05,39,0.027
2005,15,3,76,28,106.5,4.97,21.87,91,0.368
2033,8,3,325,46,73.1,3.47,67.22,26,0.142
2065,17,2,189,2,97.3,0.73,75.33,1,0.011
2018,12,3,348,18,62.9,0.97,75.69,96,0.052
2096,27,2,494,9,89.0,4.46,73.99,79,0.018
2049,8,2,336,27,60.9,2.87,48.25,38,0.08
2011,25,3,140,28,115.3,4.21,34.93,85,0.2
2085,14,1,110,14,118.6,4.35,10.51,55,0.127
2026,4,3,414,34,73.3,4.67,14.26,106,0.082
2063,1,1,396,5,72.5,4.77,40.02,110,0.013
2089,1,2,212,11,105.2,3.0,37.95,12,0.052
2086,19,2,400,46,75.2,2.03,22.93,55,0.115
2059,16,1,192,37,113.7,4.83,37.68,65,0.193
2027,14,2,449,12,94.4,2.96,22.23,77,0.027
2049,21,1,302,28,81.0,0.79,69.42,55,0.093
2077,16,1,318,18,110.0,3.39,30.87,101,0.057
2033,5,2,418,2,89.6,3.14,51.9,104,0.005
2098,9,1,340,7,114.7,4.53,45.2,27,0.021
2099,26,3,236,7,115.7,3.44,13.63,63,0.03
2001,30,3,454,19,69.9,2.07,75.96,70,0.042
2021,28,2,487,46,60.1,4.85,46.91,81,0.094
2055,2,2,463,3,119.0,4.11,32.75,63,0.006
2006,18,1,353,20,114.4,3.34,21.07,55,0.057
2092,6,1,340,2,63.3,1.82,33.7,40,0.006
2081,9,1,135,44,110.0,2.18,11.44,118,0.326
2069,1,1,215,7,87.5,3.51,35.45,99,0.033
2095,9,3,464,22,75.5,0.82,47.2,40,0.047
2005,25,3,457,15,112.7,1.66,71.03,99,0.033
2003,16,2,163,12,71.8,3.71,58.12,107,0.074
2053,13,1,482,2,116.8,2.66,17.81,3,0.004
2023,9,1,405,47,72.3,2.31,20.34,56,0.116
2053,21,2,465,8,96.8,1.18,39.97,29,0.017
2037,13,1,232,13,73.4,2.49,23.7,87,0.056
2074,9,1,256,12,92.7,3.97,11.95,83,0.047
2074,11,1,305,6,101.0,1.69,66.35,45,0.02
2083,4,1,284,14,71.4,0.52,11.37,55,0.049
2017,2,1,491,6,91.3,3.51,68.15,30,0.012
2085,29,2,404,37,88.1,4.88,20.09,87,0.092
2078,6,1,52,33,64.3,3.23,78.23,6,0.635
2073,14,2,257,40,109.1,1.04,52.27,89,0.156
2001,4,1,246,21,80.1,1.94,61.45,76,0.085
2051,6,3,390,23,94.5,4.4,17.73,53,0.059
2045,19,3,174,48,90.9,1.55,70.35,7,0.276
2077,6,3,187,36,90.8,3.23,68.74,54,0.193
2004,2,3,388,43,66.4,2.31,55.71,68,0.111
2062,18,2,74,0,85.4,1.44,45.16,43,0.0
2065,13,2,117,9,87.1,4.16,60.5,12,0.077
2032,9,1,110,42,104.0,3.84,10.41,92,0.382
2034,23,3,78,15,110.4,3.48,51.47,19,0.192
2092,19,2,432,45,92.7,1.56,69.32,77,0.104
2095,13,1,68,7,65.2,0.94,34.98,31,0.103
2072,11,1,220,48,74.2,3.09,17.58,59,0.218
2039,1,2,499,24,69.9,2.99,39.46,49,0.048
2026,24,3,123,49,67.5,1.35,60.9,26,0.398
2034,30,1,110,11,82.0,0.75,17.51,119,0.1
2054,22,3,476,24,73.8,0.86,24.42,24,0.05
2003,7,3,202,16,73.1,4.97,20.33,51,0.079
2050,25,3,325,25,63.3,4.03,65.79,67,0.077
2012,21,1,97,45,61.1,4.65,14.4,20,0.464
2065,15,3,260,47,66.2,1.38,58.06,17,0.181
2054,1,1,392,13,70.3,4.82,35.65,38,0.033
2005,12,3,457,40,85.9,1.14,62.91,14,0.088
2094,26,1,188,35,90.6,2.79,77.51,52,0.186
2094,7,3,159,22,68.4,4.23,18.02,37,0.138
2057,15,2,232,42,85.5,2.07,32.01,47,0.181
2017,21,3,77,5,80.5,2.41,66.71,51,0.065
2047,19,3,246,46,71.0,1.08,28.63,87,0.187
2023,28,1,240,4,60.4,1.05,25.06,71,0.017
2079,29,1,364,42,88.0,3.29,67.78,27,0.115
2085,25,3,438,24,101.1,3.54,79.1,84,0.055
2014,1,2,100,17,73.6,4.0,48.98,15,0.17
2066,17,2,198,12,67.9,3.01,29.46,117,0.061
2075,17,1,317,42,113.2,3.41,37.9,15,0.132
2051,3,2,99,13,76.5,0.56,21.91,34,0.131
2038,12,3,437,27,73.4,1.23,63.33,16,0.062
2064,6,1,295,17,111.4,4.93,64.14,72,0.058
2098,26,3,162,27,109.0,0.84,71.26,98,0.167
2038,11,1,219,26,86.9,3.55,11.86,51,0.119
2050,3,1,215,31,89.4,1.29,49.34,92,0.144
2098,8,1,458,46,73.1,3.73,25.0,102,0.1
2082,14,1,63,8,64.7,3.68,33.86,81,0.127
2030,14,2,252,39,94.4,1.55,64.95,11,0.155
2079,10,3,337,31,65.9,1.71,23.44,82,0.092
2091,2,3,444,19,87.0,3.45,54.68,47,0.043
2051,14,3,238,27,116.4,2.26,55.82,21,0.113
2063,9,1,451,32,117.2,1.38,76.79,119,0.071
2098,3,2,204,3,74.4,3.79,64.26,48,0.015
2052,21,3,104,45,97.4,1.19,66.25,51,0.433
2038,26,2,231,33,88.4,4.35,47.21,78,0.143
2097,8,1,259,47,112.5,2.82,23.07,0,0.181
2088,16,3,425,2,76.3,0.98,39.79,65,0.005
2079,2,2,124,25,60.2,3.62,48.46,63,0.202
2030,6,1,326,7,69.8,2.84,57.49,7,0.021
2051,28,2,477,5,81.0,1.84,52.54,85,0.01
2081,21,3,182,15,78.9,2.4,37.58,24,0.082
2005,29,3,392,23,107.5,1.84,28.57,65,0.059
2029,26,1,474,47,100.8,1.68,21.78,114,0.099
2004,25,1,108,38,78.0,1.24,58.57,72,0.352
2010,12,1,394,29,87.5,2.13,55.18,72,0.074
2056,5,2,231,44,65.7,1.63,58.12,76,0.19
2017,2,2,455,12,113.9,3.58,36.08,69,0.026
2074,16,2,388,4,116.1,3.58,28.37,93,0.01
2017,5,1,370,24,118.8,2.76,63.18,78,0.065
2084,15,3,113,19,112.1,4.0,64.16,50,0.168
2088,12,3,376,17,70.4,4.29,41.89,52,0.045
2069,4,2,309,46,62.8,3.11,52.83,14,0.149
2034,15,2,242,17,94.8,3.29,36.15,49,0.07
2006,11,3,192,1,114.8,1.77,59.14,70,0.005
2053,16,3,153,9,70.6,4.53,68.5,74,0.059
2066,23,2,455,44,60.4,0.61,58.18,103,0.097
2077,6,2,263,49,108.3,2.07,45.88,37,0.186
2043,14,3,291,46,64.6,3.75,42.11,39,0.158
2075,18,1,480,11,84.8,0.86,54.96,65,0.023
2023,12,2,258,46,100.7,1.32,57.59,114,0.178
2055,27,3,142,12,74.2,3.15,49.11,111,0.085
2080,11,3,479,49,65.0,3.02,53.75,38,0.102
2095,13,3,191,46,106.2,3.83,16.76,73,0.241
2075,21,3,483,10,97.8,4.16,76.62,107,0.021
2016,23,1,453,18,119.3,1.08,65.35,16,0.04
2008,11,3,483,34,80.7,0.58,36.17,6,0.07
2004,23,2,161,38,63.7,3.6,49.4,117,0.236
2004,16,1,466,25,104.1,1.86,13.31,103,0.054
2056,15,3,424,45,91.3,3.32,12.89,38,0.106
2025,21,1,108,13,72.8,1.18,27.56,67,0.12
2067,28,2,92,44,106.9,2.61,58.28,34,0.478
2096,15,3,256,43,72.2,2.77,69.65,50,0.168
2067,25,2,317,23,75.6,3.13,49.14,46,0.073
2027,4,3,345,40,65.6,2.81,47.25,35,0.116
2093,11,3,167,0,84.0,2.73,38.16,63,0.0
2032,19,3,69,42,85.1,2.0,21.31,94,0.609
2050,15,3,271,21,90.9,0.82,18.28,88,0.077
2061,4,3,215,22,102.5,0.9,63.25,104,0.102
2051,21,1,180,18,114.4,2.45,74.93,12,0.1
2019,13,3,205,17,68.3,2.1,42.08,17,0.083
2021,22,3,233,11,63.3,2.82,56.16,20,0.047
2005,19,1,139,27,61.1,1.87,74.01,111,0.194
2082,2,1,143,27,68.6,3.6,16.31,64,0.189
2092,14,1,62,32,99.5,4.39,63.93,99,0.516
2042,29,1,371,18,103.6,1.84,53.18,113,0.049
2061,4,1,342,27,107.2,1.37,51.9,7,0.079
2022,16,1,482,48,74.6,1.02,30.48,115,0.1
2021,21,3,279,36,78.4,3.27,57.87,47,0.129
2070,20,3,371,25,89.0,2.5,65.64,84,0.067
2001,14,2,341,34,63.8,1.35,17.9,42,0.1
2005,27,3,487,33,96.7,3.44,47.35,115,0.068
2012,29,3,75,34,119.0,1.17,17.09,52,0.453
2090,15,1,124,39,81.6,2.99,71.08,116,0.315
2046,28,1,413,15,105.2,2.87,45.53,84,0.036
2034,3,3,473,37,90.0,3.8,66.56,26,0.078
2049,8,2,348,12,67.7,0.75,35.77,18,0.034
2078,16,1,199,22,94.9,4.5,18.76,22,0.111
2090,10,3,197,21,78.0,3.66,12.9,114,0.107
2045,4,3,57,15,62.1,1.47,29.71,49,0.263
2027,30,2,78,27,98.1,1.33,27.1,50,0.346
2073,18,2,345,47,111.5,2.44,49.22,42,0.136
2026,2,1,463,34,80.7,4.18,11.52,98,0.073
2047,17,2,258,44,83.4,4.29,46.44,103,0.171
2086,13,3,177,45,113.5,2.84,37.42,115,0.254
2056,4,3,389,7,108.8,4.37,50.4,50,0.018
2094,26,2,165,43,102.9,0.52,59.17,105,0.261
2063,25,2,488,21,74.9,0.66,54.39,111,0.043
2048,30,2,193,20,114.6,4.6,78.93,68,0.104
2061,11,2,479,25,69.3,3.99,19.68,115,0.052
2081,7,1,367,39,97.6,2.53,40.08,40,0.106
2026,12,2,284,20,61.7,3.89,39.74,71,0.07
2036,10,1,56,24,98.6,4.8,39.19,10,0.429
2001,7,3,94,40,76.6,3.97,56.47,79,0.426
2008,13,2,492,0,87.0,4.29,44.29,102,0.0
2099,7,1,288,5,80.7,3.92,46.22,110,0.017
2052,24,2,489,22,70.4,1.26,40.26,87,0.045
2079,17,3,481,22,97.3,4.25,79.42,84,0.046
2047,10,3,204,42,112.9,1.38,74.93,51,0.206
2056,29,3,230,42,117.5,4.52,31.54,22,0.183
2086,10,2,264,22,71.5,2.56,17.81,48,0.083
2014,24,2,137,31,103.0,3.55,68.78,37,0.226
2090,4,1,305,29,99.9,2.74,79.8,46,0.095
2028,20,3,122,12,80.6,0.92,30.48,71,0.098
2087,4,2,468,42,61.1,1.81,35.04,6,0.09
2078,22,3,228,17,101.4,4.93,75.91,65,0.075
2088,7,3,261,22,116.7,4.82,59.78,93,0.084
2002,22,1,342,14,97.9,1.94,30.69,76,0.041
2026,1,1,283,32,86.1,4.98,50.67,61,0.113
2014,12,1,288,20,91.5,4.3,76.1,86,0.069
2059,24,1,272,38,72.0,3.25,66.83,28,0.14
2056,13,3,168,22,105.0,0.68,61.93,37,0.131
2007,10,1,362,26,104.8,4.56,61.59,100,0.072
2003,15,1,313,44,68.7,3.01,22.46,83,0.141
2023,27,1,256,43,112.7,4.41,67.73,32,0.168
2018,13,1,144,17,76.2,4.25,29.33,28,0.118
2038,23,3,422,23,118.9,4.25,75.13,113,0.055
2099,22,1,271,46,83.0,3.64,35.52,78,0.17
2015,22,3,415,39,70.7,1.81,70.04,22,0.094
2064,21,2,325,41,81.1,2.01,28.64,105,0.126
2089,22,3,429,6,86.4,1.89,46.02,2,0.014
2028,28,3,280,49,64.2,0.59,17.48,100,0.175
2074,9,1,358,47,94.7,3.12,56.21,119,0.131
2039,26,2,168,19,95.9,3.64,68.53,92,0.113
2057,9,2,317,26,104.3,4.34,60.29,44,0.082
2017,15,2,482,5,61.8,1.13,46.63,7,0.01
2086,10,2,322,26,92.5,2.95,13.16,85,0.081
2090,24,3,113,8,63.2,0.54,75.34,116,0.071
2044,26,2,347,44,102.1,0.93,59.38,28,0.127
2025,25,3,399,30,63.3,0.74,62.21,1,0.075
2017,29,3,462,20,114.7,3.76,65.63,104,0.043
2013,10,3,452,25,102.1,0.86,62.34,112,0.055
2084,8,2,60,39,90.4,3.72,40.88,49,0.65
2025,24,1,147,47,86.5,1.62,61.35,108,0.32
2068,16,1,483,44,67.8,4.45,53.75,64,0.091
2010,17,2,120,12,77.5,4.16,69.78,107,0.1
2067,26,1,413,48,112.1,4.81,66.17,19,0.116
2018,27,1,107,22,114.3,4.48,12.9,51,0.206
2086,5,3,339,19,60.0,4.7,36.52,84,0.056
2034,4,3,300,36,95.6,4.36,12.43,36,0.12
2008,18,2,325,27,103.2,3.62,17.15,71,0.083
2040,24,2,99,16,97.1,1.27,52.1,26,0.162
2083,19,1,407,27,64.9,1.72,71.17,46,0.066
2042,4,3,265,40,73.1,1.46,18.39,98,0.151
2041,28,2,443,1,75.0,3.22,41.58,5,0.002
2006,7,2,465,24,109.9,2.77,73.76,59,0.052
2052,10,2,101,49,87.8,4.4,67.0,44,0.485
2026,25,2,320,40,89.2,4.79,46.38,43,0.125
2064,18,2,133,5,116.1,2.32,64.01,82,0.038
2098,19,2,436,10,98.2,2.78,46.59,17,0.023
2059,4,1,342,37,113.9,4.87,21.07,119,0.108
2056,10,3,175,5,87.4,1.74,18.73,64,0.029
2059,1,3,345,44,69.0,4.07,23.19,24,0.128
2070,23,2,121,10,115.8,1.51,34.56,26,0.083
2033,18,3,345,13,87.5,3.57,75.14,6,0.038
2053,5,3,285,1,70.9,1.64,65.98,43,0.004
2022,15,3,105,39,78.1,4.48,40.3,105,0.371
2021,17,2,456,2,63.0,3.03,44.52,28,0.004
2070,3,2,409,34,88.1,1.34,28.59,94,0.083
2070,12,3,444,32,111.2,1.51,59.3,43,0.072
2004,2,3,159,23,116.0,2.72,66.19,106,0.145
2094,1,2,241,18,116.0,4.83,26.72,35,0.075
2075,23,1,441,17,67.5,3.96,12.93,18,0.039
2062,21,3,142,48,82.9,2.7,53.67,5,0.338
2062,17,1,399,23,61.7,2.02,49.38,24,0.058
2094,22,3,105,44,111.3,2.97,38.15,30,0.419
2095,16,1,109,34,81.5,3.87,55.07,8,0.312
2024,5,1,187,0,97.9,4.03,48.54,83,0.0
2055,15,1,88,35,102.9,1.96,27.54,73,0.398
2009,3,2,77,24,85.8,3.75,37.84,36,0.312
2003,28,1,98,44,78.4,3.46,39.97,26,0.449
2031,7,1,469,48,117.7,4.82,71.62,12,0.102
2040,11,1,174,42,117.9,4.69,77.26,40,0.241
2036,10,3,62,33,77.4,4.05,72.51,65,0.532
2024,9,1,85,24,88.8,3.76,60.34,113,0.282
2095,14,3,150,15,118.4,1.73,50.95,84,0.1
2006,13,1,331,33,60.3,4.31,58.25,96,0.1
2066,29,1,135,28,84.8,2.42,75.74,23,0.207
2084,25,2,53,18,66.0,1.73,27.5,116,0.34
2092,30,3,272,22,90.5,2.23,47.46,43,0.081
2075,25,1,387,18,61.5,4.26,58.27,105,0.047
2004,2,3,497,24,84.4,1.17,57.55,97,0.048
2079,3,3,215,15,73.2,2.55,27.66,59,0.07
2006,7,2,432,8,92.0,2.72,51.07,8,0.019
2094,21,2,393,0,119.8,0.66,65.71,1,0.0
2051,18,2,432,41,108.0,1.38,43.26,118,0.095
2062,3,2,425,18,110.7,4.22,65.53,55,0.042
2057,10,2,327,32,98.1,4.24,35.19,29,0.098
2066,22,2,179,33,62.5,1.82,75.71,21,0.184
2079,29,2,80,15,72.4,4.44,47.37,109,0.188
2075,7,2,424,43,115.5,3.97,51.72,74,0.101
2008,9,1,60,39,82.0,2.38,12.2,118,0.65
2026,17,3,351,17,66.2,3.87,21.92,106,0.048
2051,11,2,145,33,102.1,4.83,54.31,80,0.228
2045,7,2,239,24,78.0,2.57,39.39,99,0.1
2044,24,3,241,44,76.1,1.57,45.57,12,0.183
2005,28,1,315,5,119.9,4.74,14.41,70,0.016
2070,14,3,473,20,111.5,3.22,68.39,15,0.042
2026,19,3,177,5,84.5,0.97,64.92,96,0.028
2068,4,2,287,31,118.8,3.08,22.97,44,0.108
2019,26,3,457,40,99.0,2.75,54.4,64,0.088
2084,6,3,404,47,104.5,4.35,67.28,10,0.116
2097,10,2,477,42,61.9,2.89,54.86,69,0.088
2020,7,2,161,38,67.3,1.65,31.73,19,0.236
2012,13,2,365,30,98.0,3.54,55.93,98,0.082
2047,14,2,495,41,113.9,2.94,24.73,107,0.083
2001,4,3,392,9,97.4,1.55,32.28,62,0.023
2090,8,3,194,29,68.0,3.08,26.8,100,0.149
2014,5,1,114,17,66.9,4.2,48.98,104,0.149
2064,1,1,296,23,110.7,0.63,17.58,89,0.078
2038,4,3,272,8,68.4,3.34,75.33,11,0.029
2037,3,1,362,30,91.2,2.07,33.35,61,0.083
2011,9,3,488,14,62.2,1.82,25.33,93,0.029
2077,8,1,155,3,64.8,2.27,44.76,91,0.019
2003,1,2,230,39,100.3,2.04,29.39,90,0.17
2033,27,1,233,8,101.4,4.25,47.44,41,0.034
2006,6,2,275,44,80.5,1.74,34.4,82,0.16
2050,9,2,314,8,72.9,3.8,19.24,68,0.025
2010,7,2,327,25,108.8,0.92,28.61,57,0.076
2005,4,2,446,3,73.0,4.78,40.69,4,0.007
2023,13,1,138,16,92.5,3.3,12.12,104,0.116
2010,17,3,225,15,118.1,3.68,63.94,26,0.067
2044,28,2,67,14,68.9,1.84,53.53,27,0.209
2002,2,1,420,34,116.5,2.35,52.1,25,0.081
2013,28,2,473,4,71.0,1.51,48.22,90,0.008
2040,5,1,450,4,94.0,4.7,51.32,115,0.009
2002,12,1,448,19,82.6,2.7,75.43,48,0.042
2084,27,1,155,14,117.9,3.34,10.6,105,0.09
2065,21,3,320,17,76.4,3.8,13.35,20,0.053
2063,8,1,368,46,84.0,2.17,23.4,0,0.125
2073,6,1,216,1,119.0,3.74,21.71,117,0.005
2017,8,3,62,28,92.2,3.54,22.68,91,0.452
2009,18,3,386,12,90.2,3.68,57.04,111,0.031
2075,3,1,81,3,75.5,2.7,42.16,57,0.037
2015,22,3,442,41,102.1,2.22,79.42,78,0.093
2024,12,2,89,44,60.9,1.5,25.88,54,0.494
2038,29,2,197,9,63.0,4.21,31.76,80,0.046
2035,26,3,267,30,96.0,3.24,78.9,25,0.112
2094,3,3,268,40,80.5,2.5,68.22,83,0.149
2095,22,1,131,7,117.2,4.75,42.89,24,0.053
2049,6,3,382,2,114.2,0.72,48.82,76,0.005
2069,2,1,257,47,102.8,4.33,69.02,32,0.183
2062,23,2,250,45,109.1,4.99,43.67,88,0.18
2060,12,3,496,8,100.0,4.49,24.42,71,0.016
2050,2,1,381,29,67.5,4.15,67.99,68,0.076
2078,6,1,477,10,105.9,2.18,47.64,5,0.021
2075,17,2,87,34,72.6,1.54,20.71,22,0.391
2009,3,3,260,36,79.4,3.81,45.39,115,0.138
2034,2,2,493,41,109.2,1.87,38.92,29,0.083
2076,23,1,376,12,92.2,1.29,71.38,77,0.032
2099,30,1,298,35,111.6,4.04,18.82,53,0.117
2035,20,3,276,12,72.8,1.91,71.26,86,0.043
2001,8,1,97,11,96.5,4.61,45.85,10,0.113
2040,22,3,67,36,65.0,4.28,38.31,30,0.537
2064,12,2,449,9,98.6,4.31,21.34,5,0.02
2022,26,3,488,8,105.8,3.97,59.06,10,0.016
2060,4,3,344,6,95.1,4.46,74.88,76,0.017
2064,5,1,245,1,76.0,4.13,36.28,11,0.004
2093,13,1,236,22,61.9,3.21,26.91,117,0.093
2072,29,3,394,38,67.2,1.83,48.84,65,0.096
2011,15,1,273,39,97.3,4.5,65.73,52,0.143
2014,25,1,367,38,116.1,4.28,10.26,98,0.104
2060,23,1,446,20,72.4,2.63,54.2,118,0.045
2030,16,3,414,22,104.1,0.68,51.76,35,0.053
2035,10,1,386,28,112.0,3.37,32.27,16,0.073
2085,30,3,278,13,91.3,0.73,41.6,27,0.047
2037,30,1,439,25,100.2,4.67,27.29,91,0.057
2005,25,2,126,4,108.9,4.83,65.29,21,0.032
2083,23,1,237,30,75.6,1.35,54.42,101,0.127
2078,16,1,395,24,77.8,3.54,47.29,6,0.061
2026,12,3,319,30,60.0,0.92,37.48,14,0.094
2062,17,3,144,49,117.8,3.78,30.4,95,0.34
2004,16,1,359,19,115.1,2.06,67.59,10,0.053
2089,12,2,181,43,105.9,3.56,41.6,23,0.238
2042,8,1,88,16,64.7,2.18,45.1,66,0.182
2089,20,1,121,44,86.9,1.16,46.46,29,0.364
2018,3,2,330,1,66.1,2.33,41.39,69,0.003
2040,16,3,382,24,61.0,1.01,27.93,65,0.063
2072,30,1,209,12,97.0,3.1,18.42,60,0.057
2039,13,3,236,38,117.6,0.68,16.9,77,0.161
2014,23,3,240,27,114.2,2.87,63.02,40,0.112
2032,28,2,471,41,101.8,4.49,25.65,81,0.087
2051,19,2,169,5,65.8,4.27,13.9,50,0.03
2038,8,3,269,2,76.4,4.47,65.83,43,0.007
2097,22,1,102,34,79.2,4.65,20.78,94,0.333
2023,5,3,271,17,105.8,0.97,53.76,12,0.063
2063,20,1,461,10,108.1,1.08,33.71,89,0.022
2015,8,1,180,19,83.1,3.01,18.85,107,0.106
2097,24,2,286,4,85.1,4.52,39.01,11,0.014
2025,12,1,295,18,62.7,4.88,11.04,81,0.061
2017,1,1,275,21,77.3,0.71,68.87,8,0.076
2097,25,3,257,18,87.1,2.1,45.94,112,0.07
2066,30,2,455,46,67.0,1.46,19.74,84,0.101
2078,21,1,145,15,87.2,3.9,26.59,47,0.103
2053,20,1,471,23,111.2,3.38,41.36,48,0.049
2051,6,2,249,40,94.9,1.04,23.22,52,0.161
2039,22,3,296,3,64.7,2.68,28.8,55,0.01
2051,18,2,121,14,71.5,3.58,47.41,39,0.116
2070,8,2,367,24,88.5,4.01,68.28,106,0.065
2006,7,1,234,43,81.7,0.59,38.13,23,0.184
2067,1,1,55,34,81.5,4.51,60.19,97,0.618
2007,21,3,255,13,91.8,3.06,71.37,71,0.051
2051,16,1,81,48,95.1,4.15,25.14,107,0.593
2072,12,1,148,18,107.8,4.14,66.5,116,0.122
2042,6,2,443,37,80.5,1.35,63.02,32,0.084
2064,20,1,436,35,108.3,1.0,34.99,22,0.08
2015,2,3,305,6,80.3,3.75,79.27,76,0.02
2029,29,2,236,29,63.3,1.2,28.38,53,0.123
2033,14,3,125,18,93.3,4.32,27.84,52,0.144
2094,4,2,226,48,95.3,3.77,64.06,48,0.212
2027,1,1,364,24,116.1,4.29,40.43,77,0.066
2036,23,2,336,15,103.6,1.85,33.16,77,0.045
2029,18,2,398,46,115.1,1.92,22.51,79,0.116
2038,13,1,304,39,114.5,3.52,63.57,48,0.128
2057,2,1,374,7,96.3,0.64,65.04,101,0.019
2097,9,3,239,17,91.7,3.77,49.66,59,0.071
2027,21,3,357,27,93.4,4.26,77.01,102,0.076
2055,2,1,394,15,118.7,2.37,32.27,89,0.038
2033,27,1,176,18,106.4,3.94,25.37,89,0.102
2068,25,1,474,41,66.4,1.29,57.42,64,0.086
2086,9,2,336,16,106.7,1.95,63.09,31,0.048
2066,1,2,303,44,70.2,4.88,25.74,78,0.145
2010,11,2,262,12,86.8,4.94,15.36,115,0.046
2005,3,1,299,6,72.6,2.81,66.74,20,0.02
2074,20,3,133,26,101.4,4.7,78.36,17,0.195
2097,30,1,432,9,112.6,2.85,55.13,93,0.021
2038,23,2,455,33,77.4,1.81,29.45,59,0.073
2013,26,2,437,35,64.9,1.7,79.77,12,0.08
2031,4,1,62,24,77.9,4.68,72.53,23,0.387
2047,18,1,94,5,100.3,1.28,45.94,29,0.053
2088,23,2,176,23,79.7,3.11,67.77,1,0.131
2052,6,2,475,17,76.7,3.0,67.11,82,0.036
2056,3,2,163,22,71.1,3.83,75.44,110,0.135
2015,22,1,482,5,89.9,2.75,68.86,107,0.01
2029,11,2,325,28,76.6,1.73,55.06,110,0.086
2008,15,2,254,24,103.9,1.26,52.65,24,0.094
2005,22,3,386,16,64.6,3.29,42.72,49,0.041
2029,28,1,487,45,99.8,3.74,53.85,13,0.092
2047,5,3,469,23,74.3,3.06,65.67,5,0.049
2068,20,3,434,10,89.4,3.82,77.83,75,0.023
2076,10,2,448,25,77.2,1.14,42.71,83,0.056
2045,12,1,322,33,103.4,4.47,50.16,86,0.102
2002,15,2,457,27,116.7,3.12,41.14,29,0.059
2027,17,1,107,2,115.0,1.07,56.79,29,0.019
2095,10,3,377,10,95.0,2.58,54.09,37,0.027
2036,6,1,268,37,87.8,4.3,11.25,57,0.138
2036,18,2,158,13,109.1,4.54,47.88,93,0.082
2026,13,2,328,25,101.0,1.69,16.19,40,0.076
2043,3,2,223,47,71.0,3.7,11.85,93,0.211
2027,30,1,377,20,109.3,0.95,65.38,56,0.053
2069,24,3,313,38,85.7,0.65,28.11,35,0.121
2020,10,3,364,29,71.3,3.02,33.85,63,0.08
2011,30,1,160,7,76.9,3.63,14.49,112,0.044
2074,14,2,236,19,76.1,4.08,22.57,97,0.081
2038,6,3,318,47,91.2,2.03,63.59,15,0.148
2006,3,2,472,31,74.1,0.53,44.55,87,0.066
2072,16,1,278,21,67.4,2.66,71.65,77,0.076
2023,7,2,205,6,67.4,0.57,37.81,89,0.029
2047,20,3,238,8,95.0,0.91,28.81,71,0.034
2090,14,3,321,44,104.1,1.97,34.33,13,0.137
2046,9,2,424,0,79.3,2.47,59.89,30,0.0
2012,15,1,51,28,62.1,1.76,48.85,65,0.549
2090,21,2,295,7,67.6,3.12,73.29,111,0.024
2013,3,1,259,3,114.9,0.75,52.15,67,0.012
2062,2,2,450,34,89.6,1.15,44.51,64,0.076
2082,27,3,335,2,87.2,3.63,65.0,54,0.006
2089,2,1,408,44,62.3,1.14,76.33,83,0.108
2097,3,1,62,39,103.7,3.38,34.91,77,0.629
2060,18,1,145,6,91.7,0.75,27.49,39,0.041
2043,14,3,270,26,72.1,2.33,53.14,24,0.096
2076,20,2,287,0,66.6,1.3,44.92,24,0.0
2068,18,3,143,26,83.0,0.99,79.24,2,0.182
2005,10,1,387,15,110.2,3.05,42.37,68,0.039
2037,25,2,318,37,111.9,4.68,15.2,101,0.116
2072,2,3,220,6,96.2,0.75,78.42,117,0.027
2092,25,1,143,43,103.7,2.4,69.05,25,0.301
2031,29,1,198,22,66.9,3.68,22.48,39,0.111
2009,22,3,161,40,95.3,2.58,73.32,37,0.248
2051,1,3,104,10,100.0,4.13,33.85,37,0.096
2029,4,3,386,41,72.0,1.31,36.4,67,0.106
2078,14,1,473,32,112.8,4.82,73.45,6,0.068
2040,1,3,165,49,71.7,2.23,47.11,93,0.297
2041,14,1,192,35,78.8,2.04,19.64,29,0.182
2086,16,3,250,36,97.2,4.44,35.83,119,0.144
2011,22,1,229,40,98.3,3.04,60.55,18,0.175
2023,14,1,251,16,102.0,2.82,22.19,102,0.064
2001,29,2,413,34,66.7,3.77,51.32,34,0.082
2046,20,3,102,47,111.0,3.11,58.67,103,0.461
2021,3,3,433,4,92.0,1.23,34.07,32,0.009
2090,3,1,229,47,88.3,3.53,58.57,32,0.205
2036,9,1,463,31,118.9,1.1,71.89,77,0.067
2054,6,1,466,2,104.4,4.13,43.05,37,0.004
2087,25,2,362,46,67.1,4.95,36.8,9,0.127
2057,13,2,357,34,105.4,2.2,27.58,56,0.095
2001,21,1,186,13,65.7,2.5,52.29,27,0.07
2063,2,3,231,47,61.6,0.71,71.59,77,0.203
2054,8,3,416,30,84.2,0.56,32.73,99,0.072
2055,21,2,50,30,119.6,4.65,37.74,37,0.6
2040,2,2,93,16,70.5,1.08,38.46,15,0.172
2015,4,1,276,23,100.4,2.51,49.26,20,0.083
2021,25,3,380,22,70.4,4.17,25.99,91,0.058
2047,15,1,147,17,103.5,4.5,67.55,96,0.116
2073,4,2,257,49,90.3,2.84,30.69,5,0.191
2053,13,3,314,13,100.8,3.04,59.38,40,0.041
2009,28,3,337,49,72.2,3.51,45.93,14,0.145
2074,12,2,320,14,104.7,4.83,51.01,107,0.044
2052,28,1,189,14,119.7,3.21,22.57,2,0.074
2057,13,1,286,5,99.9,3.02,61.45,42,0.017
2026,14,3,490,26,89.6,0.57,23.2,46,0.053
2041,20,2,441,14,115.4,0.86,17.94,98,0.032
2035,18,3,121,49,61.0,3.1,48.27,13,0.405
2063,29,2,204,35,103.8,4.71,59.65,65,0.172
2025,28,1,239,7,113.3,4.4,13.5,28,0.029
2090,6,2,317,14,63.7,4.92,14.86,3,0.044
2075,29,1,370,2,87.0,2.88,66.19,25,0.005
2038,11,2,156,46,72.3,4.05,66.63,114,0.295
2002,30,3,281,12,94.0,4.28,27.17,11,0.043
2007,2,1,91,40,99.0,3.42,53.07,1,0.44
2082,28,3,239,33,78.2,2.02,41.02,16,0.138
2091,23,3,420,23,87.6,2.61,54.29,34,0.055
2034,19,1,188,39,76.8,4.36,70.4,9,0.207
2091,19,1,152,31,82.2,1.84,15.59,111,0.204
2017,5,3,220,31,69.6,4.66,64.46,85,0.141
2043,19,3,400,29,113.1,1.53,44.51,104,0.072
2059,2,3,322,48,60.6,3.87,49.49,42,0.149
2051,10,3,465,12,112.9,3.34,55.78,20,0.026
2054,25,1,270,0,94.3,3.87,74.58,14,0.0
2024,2,1,262,33,79.9,2.47,13.97,34,0.126
2025,30,3,390,14,103.4,4.7,12.06,111,0.036
2071,11,2,473,43,90.5,3.35,22.48,84,0.091
2052,18,2,456,13,89.9,1.8,79.05,84,0.029
2070,29,1,105,28,66.6,3.37,60.06,84,0.267
2088,24,3,439,33,83.4,1.79,53.02,59,0.075
2033,15,3,391,17,74.5,1.82,13.29,43,0.043
2049,9,1,483,6,60.9,2.3,71.54,95,0.012
2029,23,2,151,28,81.6,4.34,66.89,118,0.185
2063,19,2,470,30,65.4,2.75,56.54,4,0.064
2022,9,2,241,24,75.4,3.56,33.74,102,0.1
2026,3,1,359,37,65.6,2.26,14.94,72,0.103
2028,21,2,249,13,66.1,1.69,50.6,116,0.052
2085,9,1,282,7,71.9,4.8,60.38,17,0.025
2049,28,1,482,26,120.0,3.22,16.6,20,0.054
2071,30,3,276,1,60.1,4.7,54.36,71,0.004
2081,14,2,420,16,98.3,1.42,30.05,107,0.038
2084,19,1,188,36,68.5,1.16,63.5,115,0.191
2049,7,2,393,13,115.2,4.35,47.77,97,0.033
2020,16,2,354,24,65.6,3.56,19.03,73,0.068
2086,16,3,198,29,117.3,1.34,46.86,50,0.146
2092,28,2,164,28,96.7,1.71,37.7,40,0.171
2063,1,3,499,19,60.1,4.1,22.62,23,0.038
2061,4,1,112,20,113.6,2.54,68.91,103,0.179
2049,4,2,153,21,91.3,3.52,10.77,23,0.137
2071,7,1,388,34,75.8,1.93,31.85,119,0.088
2001,8,2,408,36,106.0,2.22,10.88,95,0.088
2096,17,1,205,15,115.6,4.96,16.72,119,0.073
2013,5,2,322,49,89.0,1.61,30.8,96,0.152
2094,7,2,55,48,78.9,2.78,13.8,37,0.873
2087,28,2,196,42,107.3,4.3,51.76,43,0.214
2051,20,2,233,16,100.9,1.58,16.08,56,0.069
2056,29,2,77,15,113.3,2.37,59.12,119,0.195
2083,20,2,499,1,101.6,3.27,13.68,114,0.002
2062,4,2,87,3,74.6,2.67,14.15,58,0.034
2032,28,2,168,20,115.9,2.57,31.37,112,0.119
2030,6,2,342,38,66.3,2.13,72.76,33,0.111
2029,7,1,420,33,76.1,3.14,54.9,74,0.079
2049,18,3,293,29,91.2,3.31,63.91,94,0.099
2045,5,2,117,5,93.9,3.44,19.91,81,0.043
2093,20,3,263,16,60.9,0.82,68.39,22,0.061
2030,30,2,267,38,106.8,3.34,10.57,85,0.142
2016,29,2,226,24,81.7,4.79,24.91,42,0.106
2040,3,1,348,4,84.4,2.93,53.13,81,0.011
2019,7,1,213,4,108.6,3.72,36.27,39,0.019
2018,27,3,107,19,82.8,3.01,78.89,46,0.178
2001,28,1,318,15,62.8,4.35,12.12,40,0.047
2078,22,1,357,40,70.6,4.68,79.9,46,0.112
2047,14,3,107,36,117.4,1.33,53.65,102,0.336
2066,7,1,337,39,64.2,2.47,49.11,19,0.116
2092,5,2,154,8,81.3,2.27,14.17,76,0.052
2094,29,3,277,4,90.2,2.32,29.13,108,0.014
2038,22,3,296,41,89.6,1.06,74.73,64,0.139
2051,5,2,237,1,60.2,4.16,34.8,115,0.004
2063,30,1,132,8,90.1,0.66,56.32,67,0.061
2004,23,3,235,42,83.0,2.88,79.96,23,0.179
2001,2,3,301,35,118.3,3.48,28.41,99,0.116
2008,30,2,404,21,69.5,1.43,50.33,35,0.052
2029,27,2,287,21,81.2,4.58,58.75,44,0.073
2055,21,1,409,21,85.2,4.27,21.52,1,0.051
2003,22,3,233,33,83.4,2.62,20.41,27,0.142
2032,6,1,333,28,99.9,2.35,41.94,25,0.084
2010,15,1,434,37,72.9,1.56,37.01,22,0.085
2074,21,2,475,45,73.3,3.78,60.0,78,0.095
2083,10,3,259,32,103.8,1.09,14.87,35,0.124
2034,23,3,353,17,90.0,3.56,78.05,90,0.048
2097,26,3,345,6,84.9,4.29,11.0,5,0.017
2087,24,2,146,0,70.2,1.53,52.09,34,0.0
2055,7,2,496,32,71.3,4.4,49.38,102,0.065
2092,5,2,257,0,60.6,0.65,19.43,37,0.0
2032,1,2,419,23,65.5,4.61,20.56,34,0.055
2050,13,2,437,3,93.4,1.03,65.49,99,0.007
2007,21,3,471,3,113.5,3.41,72.13,73,0.006
2093,26,1,460,17,77.2,1.63,29.81,93,0.037
2008,18,3,186,26,79.7,4.26,40.66,52,0.14
2065,13,1,416,42,66.9,2.81,34.85,104,0.101
2057,21,2,449,31,83.3,1.11,15.08,37,0.069
2067,21,1,233,32,62.2,3.07,57.12,92,0.137
2088,18,3,125,27,115.1,2.34,67.76,115,0.216
2087,5,3,336,41,100.4,3.48,31.34,58,0.122
2059,13,1,424,40,119.4,4.47,79.31,42,0.094
2072,4,2,191,35,113.0,2.34,15.31,102,0.183
2054,17,2,286,5,88.4,1.8,56.33,113,0.017
2067,3,3,74,15,91.2,0.57,41.38,3,0.203
2051,17,1,339,33,71.4,3.09,41.26,4,0.097
2097,28,2,116,22,87.7,2.31,42.04,67,0.19
2092,11,2,299,49,114.2,2.19,28.11,99,0.164
2008,21,3,457,41,63.1,1.32,60.09,44,0.09
2034,20,2,167,23,111.8,2.44,60.51,79,0.138
2035,23,1,122,48,80.5,4.93,29.77,24,0.393
2096,21,3,331,12,114.0,1.84,68.47,77,0.036
2088,26,3,453,17,116.5,3.2,32.18,10,0.038
2078,30,1,497,12,100.3,3.99,60.76,28,0.024
2032,4,3,409,48,99.9,3.87,18.47,33,0.117
2046,2,2,59,36,87.2,1.98,21.81,85,0.61
2016,20,2,260,42,110.1,3.25,32.11,13,0.162
2068,16,1,372,38,117.7,4.42,51.57,119,0.102
2037,28,2,201,41,106.5,0.57,55.19,23,0.204
2054,18,1,54,16,97.3,2.46,37.74,58,0.296
2085,8,1,244,14,96.4,1.51,15.45,38,0.057
2014,3,2,491,17,111.0,2.25,36.15,25,0.035
2095,9,1,332,22,92.5,2.37,58.21,42,0.066
2055,29,2,162,29,108.2,3.86,56.97,35,0.179
2048,20,3,320,33,90.5,0.92,21.21,38,0.103
2082,29,3,212,3,63.7,2.81,10.54,60,0.014
2007,6,1,154,2,83.0,3.04,62.71,15,0.013
2074,10,2,230,6,86.7,2.72,17.45,101,0.026
2007,21,2,93,17,68.5,3.79,15.76,58,0.183
2033,10,3,331,41,66.1,2.23,10.19,95,0.124
2023,13,3,224,6,92.1,4.75,40.28,5,0.027
2085,17,2,211,39,65.1,2.67,45.23,97,0.185
2019,9,1,400,5,78.2,3.07,54.64,55,0.012
2019,17,3,483,21,104.7,4.21,30.72,7,0.043
2036,24,1,389,0,117.9,1.74,59.73,93,0.0
2029,9,1,189,3,103.1,0.84,21.85,26,0.016
2060,9,3,181,45,119.6,3.69,68.24,70,0.249
2082,1,1,136,48,101.9,2.67,50.03,26,0.353
2002,2,1,225,49,77.6,4.53,50.87,88,0.218
2001,28,2,232,42,100.3,4.92,24.68,119,0.181
2047,16,1,417,28,102.1,2.3,15.19,45,0.067
2069,29,2,178,20,82.3,2.37,42.53,40,0.112
2020,1,3,295,25,61.1,2.34,53.09,78,0.085
2011,10,3,138,13,102.2,1.96,16.65,24,0.094
2002,18,2,115,8,61.3,4.02,76.54,85,0.07
2067,26,3,207,46,97.9,3.92,78.63,17,0.222
2087,28,1,436,11,69.8,2.65,48.18,11,0.025
2012,8,1,427,41,93.9,0.7,76.5,86,0.096
2020,21,1,198,5,90.2,1.89,22.56,50,0.025
2005,28,3,389,19,60.8,1.82,11.78,108,0.049
2037,11,1,482,23,81.8,4.15,12.76,38,0.048
2038,23,3,165,26,96.1,0.89,51.13,88,0.158
2094,2,1,263,37,110.9,4.13,14.31,9,0.141
2009,8,2,495,7,113.3,3.51,77.1,93,0.014
2098,27,3,421,0,89.0,3.8,19.94,73,0.0
2053,22,3,343,48,103.7,2.44,31.33,97,0.14
2044,8,1,302,48,79.0,3.56,67.58,109,0.159
2099,17,3,192,23,80.5,3.24,25.31,76,0.12
2086,15,3,299,46,71.7,3.96,27.01,53,0.154
2024,17,2,415,6,93.7,2.51,54.96,28,0.014
2081,28,2,485,18,78.9,2.63,29.33,101,0.037
2074,23,1,351,21,65.1,3.4,25.22,40,0.06
2030,24,2,74,34,101.1,0.99,27.79,108,0.459
2059,13,1,326,29,102.5,2.46,44.35,8,0.089
2087,19,1,426,28,81.6,4.87,77.63,62,0.066
2096,5,1,427,21,64.6,0.67,68.26,76,0.049
2081,12,3,438,10,85.6,1.92,29.92,36,0.023
2081,1,2,119,19,86.5,1.91,35.44,13,0.16
2014,23,1,162,28,100.1,3.35,42.52,100,0.173
2009,5,2,412,40,78.9,0.98,78.53,72,0.097
2040,8,1,161,41,101.0,3.33,22.07,71,0.255
2066,13,2,413,33,112.3,0.93,35.02,38,0.08
2025,8,2,352,0,74.2,0.93,61.06,39,0.0
2073,25,1,140,30,118.7,3.78,77.48,53,0.214
2022,23,3,67,29,83.2,1.96,20.9,2,0.433
2004,11,2,198,47,76.0,4.9,25.92,54,0.237
2026,1,3,276,17,85.3,0.67,25.8,119,0.062
2058,13,3,263,16,65.7,2.5,11.47,110,0.061
2029,19,1,409,37,67.5,1.01,52.29,103,0.09
2098,24,1,200,13,84.9,2.08,56.95,32,0.065
2087,3,1,241,22,105.7,4.99,52.18,95,0.091
2037,24,2,89,24,114.0,4.5,14.99,70,0.27
2075,17,1,291,14,99.9,0.72,14.85,18,0.048
2070,5,1,187,45,66.3,3.03,24.73,33,0.241
2018,20,2,394,21,100.3,3.42,30.32,77,0.053
2085,21,2,229,2,98.1,1.44,65.06,49,0.009
2042,8,1,249,18,108.3,1.15,21.16,46,0.072
2041,26,1,252,43,109.5,4.57,13.09,45,0.171
2038,14,1,110,33,112.1,4.86,37.58,55,0.3
2034,4,1,241,34,84.8,4.96,39.15,56,0.141
2017,11,3,54,49,101.9,4.05,41.56,82,0.907
2037,20,3,427,0,76.1,3.49,67.88,50,0.0
2025,15,1,286,20,120.0,2.06,16.86,53,0.07
2076,19,3,230,28,70.5,1.27,59.28,89,0.122
2087,7,2,360,5,60.6,0.86,33.66,80,0.014
2086,19,3,86,36,68.9,3.62,31.7,117,0.419
2085,28,3,105,0,106.6,4.03,75.28,27,0.0
2027,19,1,492,0,86.8,4.22,27.39,18,0.0
2057,11,3,286,26,86.9,4.61,54.98,26,0.091
2031,26,3,407,20,117.3,4.46,29.26,47,0.049
2006,5,3,398,15,115.2,5.0,45.5,115,0.038
2091,5,3,246,43,78.7,1.6,65.04,18,0.175
2040,30,2,122,39,72.5,3.93,71.72,96,0.32
2098,22,1,108,25,110.9,3.14,68.71,50,0.231
2012,8,1,289,15,114.4,1.68,50.75,6,0.052
2053,10,2,51,27,92.5,4.92,27.42,28,0.529
2071,6,3,498,0,97.8,4.54,56.29,118,0.0
2010,15,2,409,35,75.4,1.08,59.69,42,0.086
2045,16,3,237,9,108.0,0.62,10.75,68,0.038
2017,28,2,356,42,97.9,3.6,40.74,93,0.118
2026,17,1,79,16,90.2,3.22,69.03,112,0.203
2085,8,1,316,22,63.6,4.71,44.27,106,0.07
2092,8,1,157,6,115.0,1.55,31.8,119,0.038
2062,25,3,381,43,96.9,0.88,71.03,57,0.113
2046,9,3,472,6,71.6,1.67,20.91,7,0.013
2064,2,2,139,43,96.4,0.59,24.45,41,0.309
2002,15,2,254,14,100.6,0.66,58.12,75,0.055
2054,18,1,428,33,91.5,4.62,34.67,41,0.077
2065,3,3,496,45,103.1,2.08,59.91,12,0.091
2051,17,2,497,44,94.9,2.35,21.04,25,0.089
2053,4,3,494,3,116.9,0.58,27.66,17,0.006
2036,30,3,430,13,63.2,1.72,20.97,41,0.03
2026,4,1,487,13,66.4,4.12,76.7,50,0.027
2029,14,1,269,15,70.4,3.27,38.38,115,0.056
2021,9,3,427,6,101.4,3.89,33.61,112,0.014
2011,9,3,143,31,98.7,2.51,10.99,83,0.217
2040,25,3,152,18,113.5,1.89,20.74,15,0.118
2011,26,3,272,1,104.0,2.67,39.48,100,0.004
2036,23,1,235,9,90.5,1.95,14.8,2,0.038
2059,30,2,233,49,119.5,4.28,45.75,90,0.21
2039,18,1,211,16,76.0,1.84,41.85,78,0.076
2099,10,2,296,36,110.0,3.47,63.7,97,0.122
2054,21,3,80,11,85.6,1.12,56.19,44,0.138
2098,4,2,101,5,98.9,3.59,41.22,21,0.05
2055,12,1,394,21,103.6,4.61,25.73,103,0.053
2024,27,1,125,31,98.0,3.24,60.88,22,0.248
2022,8,3,434,40,68.4,3.02,59.55,58,0.092
2069,2,1,488,19,86.6,4.83,20.73,61,0.039
2056,22,3,327,0,93.7,3.32,74.03,112,0.0
2033,13,1,89,46,110.9,1.67,14.51,67,0.517
2036,21,1,150,5,86.6,1.82,13.85,114,0.033
2020,16,3,160,18,115.1,3.67,23.11,53,0.112
2083,28,2,434,17,86.4,3.81,73.66,56,0.039
2099,2,1,370,5,92.9,1.87,46.4,104,0.014
2081,11,2,298,44,107.8,2.05,65.16,22,0.148
2062,10,1,240,32,95.0,4.96,25.95,110,0.133
2098,15,1,231,22,117.6,0.96,44.32,59,0.095
2073,17,1,475,22,99.6,2.32,35.08,72,0.046
2026,8,1,454,25,91.4,0.78,67.95,87,0.055
2066,18,2,384,12,61.4,4.19,11.58,84,0.031
2073,23,2,258,6,84.8,0.92,27.07,104,0.023
2073,9,1,71,14,78.0,3.53,20.68,109,0.197
2040,25,1,215,43,104.9,0.75,70.14,54,0.2
2017,8,2,148,26,72.5,3.53,42.73,116,0.176
2001,27,3,257,25,72.3,4.29,38.3,79,0.097
2089,14,3,57,32,71.4,2.29,41.46,62,0.561
2061,28,2,239,14,67.5,2.85,78.03,55,0.059
2043,26,1,224,35,78.7,2.31,69.52,54,0.156
2042,25,1,322,44,113.2,1.85,59.45,24,0.137
2025,18,3,66,26,106.5,4.11,30.33,25,0.394
2039,22,3,139,4,104.1,1.72,21.56,48,0.029
2035,20,2,190,1,107.8,3.75,74.5,62,0.005
2003,30,3,194,32,76.2,1.43,39.62,44,0.165
2044,20,2,215,15,113.2,1.62,29.51,72,0.07
2051,21,3,386,22,68.2,2.01,42.96,78,0.057
2094,12,3,127,37,80.2,3.15,74.25,38,0.291
2098,19,3,478,15,95.2,2.54,37.09,96,0.031
2012,14,1,311,13,66.2,3.85,49.38,64,0.042
2019,17,1,212,28,103.8,1.46,66.21,68,0.132
2044,24,1,415,25,83.2,0.55,39.9,55,0.06
2059,21,3,63,34,107.1,3.99,26.35,8,0.54
2049,3,2,288,14,89.6,4.2,79.62,107,0.049
2061,26,2,121,2,70.9,0.77,76.96,69,0.017
2017,30,2,494,22,104.1,3.25,69.04,27,0.045
2074,23,2,192,28,75.1,2.2,58.19,44,0.146
2057,7,1,359,33,89.4,4.07,30.64,25,0.092
2055,17,1,332,32,64.5,4.43,73.94,27,0.096
2047,12,3,318,40,97.1,4.33,29.29,39,0.126
2012,9,3,290,40,100.0,4.0,66.06,14,0.138
2062,15,2,464,22,82.7,1.71,74.28,5,0.047
2080,18,1,294,6,117.3,4.15,52.21,26,0.02
2088,21,2,212,2,112.5,2.9,66.21,37,0.009
2083,13,3,109,31,102.5,0.74,65.42,67,0.284
2008,30,3,55,30,102.8,2.56,23.52,74,0.545
2095,21,2,246,17,75.1,4.74,56.75,84,0.069
2021,30,3,107,42,99.4,4.5,16.54,63,0.393
2081,8,2,354,6,71.9,0.96,45.55,29,0.017
2087,14,1,456,40,68.6,3.85,21.36,81,0.088
2080,8,2,266,0,120.0,4.13,39.14,98,0.0
2070,14,1,467,13,97.3,1.72,68.31,2,0.028
2072,7,1,75,31,85.9,2.62,79.1,61,0.413
2025,23,3,352,5,77.3,3.7,32.26,11,0.014
2082,12,3,54,38,96.2,2.48,47.24,90,0.704
2089,11,3,69,9,63.0,1.01,45.79,116,0.13
2012,22,2,439,6,65.7,3.68,76.81,29,0.014
2015,22,2,247,25,62.0,4.6,43.5,84,0.101
2059,11,3,108,33,90.0,3.44,58.94,37,0.306
2026,25,2,497,29,96.0,3.98,74.53,84,0.058
2026,22,3,291,35,63.7,2.11,36.14,59,0.12
2047,28,2,195,20,103.3,1.32,73.15,37,0.103
2032,29,1,437,16,73.8,3.39,74.22,103,0.037
2010,13,1,322,32,101.1,1.97,75.15,14,0.099
2016,18,3,298,9,118.9,4.37,28.93,17,0.03
2071,2,2,63,46,101.5,1.05,38.02,51,0.73
2017,29,2,62,41,113.0,2.45,70.93,28,0.661
2023,21,1,440,11,116.9,2.29,35.14,111,0.025
2026,15,1,433,15,89.2,4.72,52.02,101,0.035
2085,20,3,93,40,102.1,1.19,18.26,59,0.43
2086,27,1,424,31,111.1,0.54,13.94,20,0.073
2007,18,3,448,14,81.4,1.57,38.84,16,0.031
2014,15,1,68,26,75.7,4.19,50.52,104,0.382
2079,19,1,112,27,116.8,1.44,37.49,114,0.241
2007,23,2,288,16,103.6,1.58,50.44,17,0.056
2009,24,1,468,45,73.2,1.08,46.06,56,0.096
2048,12,1,386,49,86.9,3.72,58.0,118,0.127
2072,13,3,468,1,107.8,0.81,55.47,36,0.002
2059,22,1,452,35,92.8,1.99,39.7,59,0.077
2087,11,3,453,49,99.0,1.77,39.75,37,0.108
2093,5,1,149,6,105.2,3.0,19.85,11,0.04
2082,29,1,212,12,97.3,3.79,45.93,74,0.057
2095,1,3,465,14,92.4,2.9,51.1,111,0.03
2094,24,2,171,24,105.0,4.69,43.35,115,0.14
2039,3,3,481,22,103.7,4.78,32.8,112,0.046
2099,22,3,93,21,97.8,2.13,60.52,83,0.226
2018,19,3,409,25,81.6,4.0,15.23,72,0.061
2059,23,2,457,32,84.3,3.82,74.01,0,0.07
2017,29,1,366,10,118.2,4.52,11.45,57,0.027
2014,30,3,430,9,66.7,2.52,77.36,2,0.021
2031,7,3,194,24,76.1,2.89,42.36,62,0.124
2024,12,2,376,36,89.5,2.37,38.89,20,0.096
2099,15,3,412,47,110.2,4.33,27.95,22,0.114
2060,25,1,99,42,69.8,1.53,10.7,8,0.424
2045,5,2,114,37,76.6,1.58,29.24,117,0.325
2098,15,1,404,40,63.9,2.18,17.66,82,0.099
2003,8,1,337,44,102.4,1.54,56.19,108,0.131
2037,10,2,213,23,74.3,3.02,32.34,54,0.108
2043,26,3,190,39,83.3,1.11,63.7,109,0.205
2040,16,1,363,45,86.6,1.94,24.48,115,0.124
2090,8,1,177,32,113.5,4.61,73.02,18,0.181
2055,1,1,447,16,84.7,2.34,46.61,61,0.036
2087,12,1,470,23,68.7,3.87,18.02,86,0.049
2039,5,2,417,36,91.5,1.01,38.06,90,0.086
